,f0,f1,f2,f3,f4,f5,f6,f7,f8,f9,f10,f11,target,date
0,45595680.0,93.0,93.05,91.5,75219710.0,92.91,94.66,92.65,32042290.0,95.94,96.29,95.25,92.9,06/28/16
1,22493750.0,206.05,207.81,204.52,25525650.0,209.32,209.5,206.76,25396100.0,208.0,209.25,207.07,207.28,08/09/18
2,17916260.0,244.51,244.8,241.81,19932550.0,242.1,243.24,241.22,22684000.0,241.16,242.2,239.62,243.16,10/25/19
3,66028640.0,114.31,115.7,113.31,46820600.0,117.95,118.36,117.31,23492650.0,117.1,117.74,117.0,115.39,10/27/16
4,51529980.0,101.52,101.53,99.21,65648660.0,98.63,101.46,98.37,52099200.0,97.06,97.88,94.94,99.93,01/26/16
5,25302200.0,176.18,177.36,175.65,18653380.0,174.59,175.49,174.49,23751690.0,173.16,174.3,173.0,177.9,01/16/18
6,18069930.0,191.35,191.97,190.21,26580710.0,191.17,192.0,189.77,21329170.0,194.14,194.2,192.34,191.39,06/12/18
7,102731700.0,111.11,111.11,103.5,161882500.0,94.87,108.8,92.0,127246600.0,110.43,111.9,105.65,107.09,08/26/15
8,41438280.0,174.51,174.95,170.53,51368540.0,177.25,177.3,173.2,32395870.0,177.3,179.44,176.82,172.0,01/26/18
9,32429770.0,153.75,153.99,147.3,15649120.0,153.35,153.93,153.06,18798250.0,151.8,153.84,151.8,149.89,07/28/17
10,24377170.0,234.59,237.58,234.29,17272900.0,235.09,236.15,233.52,19286690.0,233.37,235.24,233.2,237.52,10/21/19
11,32461350.0,116.26,116.82,115.65,45179400.0,116.37,117.42,115.21,59029400.0,116.9,118.07,116.06,115.2,11/13/15
12,41626820.0,190.0,190.7,184.99,36191330.0,190.5,194.97,189.46,46271660.0,188.39,191.97,186.9,178.37,11/20/18
13,23286380.0,204.43,207.75,203.9,17841920.0,202.83,204.94,202.34,24185530.0,203.12,204.15,202.52,207.36,04/24/19
14,67673450.0,115.4,116.54,113.99,66139770.0,118.08,118.13,114.92,59251740.0,116.7,119.23,116.33,116.93,10/28/15
15,23693550.0,267.27,268.25,263.45,11654360.0,266.6,268.0,265.9,16386120.0,265.58,267.98,265.31,258.31,12/03/19
16,15955820.0,190.68,191.96,189.56,20670830.0,191.78,192.43,190.17,20182050.0,189.69,192.55,189.69,192.45,07/24/18
17,29451050.0,160.1,163.12,160.0,25649890.0,160.14,162.0,159.93,25184600.0,159.65,160.56,159.27,163.8,08/30/17
18,23402510.0,172.5,173.54,172.0,19088170.0,172.15,172.39,171.46,34260890.0,169.2,172.89,168.79,172.4,12/14/17
19,37080720.0,116.25,116.54,115.44,43218350.0,115.93,116.53,114.42,58279570.0,116.58,116.89,114.86,115.66,09/17/15
20,22074760.0,159.32,160.21,158.75,26208970.0,156.6,158.57,156.07,39636190.0,159.9,160.0,154.63,160.66,08/15/17
21,84757780.0,113.76,114.02,109.77,54507300.0,111.65,112.56,110.32,49904460.0,108.97,110.45,108.51,110.27,09/10/15
22,27526040.0,96.05,96.76,95.25,36192150.0,93.98,96.38,93.32,31851180.0,96.4,96.5,94.55,97.2,02/26/16
23,32018540.0,150.85,151.27,149.22,26924630.0,152.88,153.7,151.51,35661200.0,152.5,153.97,150.86,150.27,01/15/19
24,41084070.0,225.46,226.35,216.05,26656630.0,223.64,227.27,222.25,28784550.0,222.21,224.8,220.2,214.52,10/11/18
25,40885480.0,107.01,107.03,104.82,25184090.0,108.58,108.7,107.18,30912260.0,106.96,109.43,106.86,102.61,01/04/16
26,26932880.0,194.86,196.0,193.6,26220850.0,191.81,195.37,191.62,30684390.0,186.51,191.92,185.77,193.95,06/12/19
27,46873670.0,112.11,112.3,109.73,25364920.0,111.62,112.39,111.33,32771760.0,110.8,112.34,110.8,108.89,04/18/16
28,34355970.0,96.0,96.57,95.03,60793260.0,96.62,96.65,95.3,31251870.0,96.45,97.75,96.07,94.94,06/21/16
29,24603320.0,171.25,171.7,169.75,21785180.0,169.71,171.26,169.38,22389660.0,171.39,172.48,169.92,169.71,02/19/19
30,40529120.0,268.7,270.07,264.7,42223820.0,262.74,267.37,261.23,50721830.0,270.8,271.7,259.0,268.31,04/13/20
31,26334880.0,266.94,267.16,262.5,21029520.0,262.71,266.44,262.52,16331260.0,262.59,263.18,260.84,265.58,11/27/19
32,38063130.0,117.99,119.41,117.75,13046450.0,118.29,118.41,117.6,21341960.0,119.21,119.23,117.92,118.75,12/01/15
33,20495340.0,122.14,122.35,121.6,26320740.0,121.67,122.44,121.6,32417410.0,120.42,122.1,120.28,120.93,01/30/17
34,26656630.0,223.64,227.27,222.25,28784550.0,222.21,224.8,220.2,33507770.0,227.96,228.41,220.58,225.46,10/10/18
35,29164190.0,110.12,111.99,110.01,28310840.0,109.72,110.54,109.66,27623150.0,109.81,110.35,108.83,111.95,11/22/16
36,23765710.0,148.82,150.9,148.57,20117070.0,147.97,149.33,147.33,25080500.0,145.5,148.49,145.44,149.2,07/18/17
37,31380450.0,323.5,324.24,316.5,20450750.0,315.77,319.23,315.35,25672210.0,318.66,320.89,315.87,316.14,05/27/20
38,26919530.0,210.88,213.35,210.32,24431920.0,210.62,212.73,210.03,28813620.0,204.28,207.16,203.84,212.99,08/21/19
39,20578020.0,199.2,201.51,198.81,25338630.0,200.81,201.4,198.41,17265520.0,203.35,205.08,202.9,201.85,07/10/19
40,28601630.0,355.15,355.4,351.09,41357180.0,351.46,353.2,344.72,34702230.0,333.25,345.68,332.58,351.41,06/18/20
41,18631540.0,154.26,154.45,152.72,26204670.0,153.21,154.13,152.0,21983410.0,153.89,154.28,152.7,154.01,10/03/17
42,30684390.0,186.51,191.92,185.77,22526310.0,183.08,185.47,182.15,29773430.0,184.28,184.99,181.14,191.81,06/10/19
43,18965930.0,214.1,216.36,213.84,25682700.0,216.8,217.19,214.03,30149410.0,218.1,219.18,215.11,214.65,08/23/18
44,49678430.0,286.53,297.88,286.5,57668360.0,300.95,302.53,286.13,55548830.0,297.26,304.18,289.23,281.1,02/27/20
45,32879090.0,186.93,190.9,186.76,33031360.0,189.91,192.47,188.84,26544720.0,186.27,191.75,186.02,183.52,05/20/19
46,29282700.0,225.82,228.06,224.33,30889270.0,226.27,229.93,225.84,34755550.0,225.64,227.49,223.89,227.03,10/09/19
47,19376940.0,159.07,160.47,158.88,21564890.0,158.23,160.0,158.02,26330070.0,157.5,157.89,155.11,160.43,08/24/17
48,18505780.0,214.65,217.05,214.6,18965930.0,214.1,216.36,213.84,25682700.0,216.8,217.19,214.03,216.6,08/24/18
49,34320200.0,284.73,289.67,283.89,28001190.0,285.08,285.83,278.2,29271890.0,281.8,284.54,279.95,289.96,04/30/20
50,27413060.0,175.69,177.75,173.97,25737560.0,174.28,175.15,172.89,27953810.0,174.32,174.91,172.92,175.94,03/05/19
51,24619750.0,201.3,202.76,199.29,27009520.0,200.2,203.53,199.39,33364400.0,195.41,199.56,193.82,199.62,08/12/19
52,33655810.0,105.01,106.48,104.62,31416910.0,106.93,106.93,105.52,30576980.0,106.64,108.09,106.06,105.0,04/25/16
53,21700900.0,265.8,267.43,264.23,25093670.0,263.68,265.78,263.01,22395560.0,263.75,264.88,262.1,267.9,11/19/19
54,16916650.0,157.23,157.83,156.78,21175670.0,156.91,157.55,155.27,17633730.0,156.29,157.42,156.2,159.29,10/27/17
55,40622910.0,149.56,151.82,148.52,54571440.0,148.7,148.83,145.9,57423650.0,144.53,148.55,143.8,151.29,01/09/19
56,32230590.0,106.57,107.68,106.16,50901380.0,107.71,107.81,104.08,34117030.0,107.12,108.87,106.55,106.7,11/16/16
57,23793830.0,168.99,170.66,168.42,31644240.0,172.4,173.94,170.34,28204640.0,174.65,175.57,172.85,171.05,02/11/19
58,29644640.0,293.79,299.96,292.75,36633880.0,297.15,300.58,296.5,33911860.0,296.24,300.6,295.19,299.84,01/07/20
59,18661340.0,263.79,265.89,262.73,16810390.0,261.07,263.31,260.68,29377270.0,258.31,259.53,256.29,267.48,12/06/19
60,60547340.0,193.9,194.48,185.93,46725710.0,191.63,197.18,191.45,50991030.0,199.0,199.85,193.79,188.39,11/15/18
61,52228910.0,166.41,169.2,165.27,41976500.0,162.13,167.26,161.84,35617230.0,164.0,164.33,160.63,175.23,05/02/18
62,43665160.0,93.37,93.45,91.85,35850220.0,94.0,94.07,92.68,40984160.0,95.2,95.9,93.82,93.0,05/09/16
63,25402270.0,153.8,154.72,153.54,35907770.0,151.78,153.92,151.69,44366140.0,149.99,151.83,149.16,153.89,09/28/17
64,27391950.0,157.86,159.5,156.72,27377960.0,160.52,160.71,157.84,27607370.0,161.94,162.51,160.15,157.5,08/21/17
65,21564890.0,158.23,160.0,158.02,26330070.0,157.5,157.89,155.11,27391950.0,157.86,159.5,156.72,159.07,08/23/17
66,26220850.0,191.81,195.37,191.62,30684390.0,186.51,191.92,185.77,22526310.0,183.08,185.47,182.15,194.86,06/11/19
67,24358920.0,174.66,176.24,174.33,24332120.0,173.91,175.25,173.6,34770480.0,172.37,174.99,171.72,175.11,11/09/17
68,39546610.0,106.27,107.65,106.18,26781730.0,105.58,106.0,105.28,30148360.0,104.81,105.84,104.77,107.52,08/08/16
69,18890250.0,171.58,173.0,171.38,17154540.0,171.8,172.37,170.3,25323890.0,171.19,173.32,170.99,174.16,02/25/19
70,20182050.0,189.69,192.55,189.69,16365720.0,191.78,191.8,189.93,15515000.0,189.75,191.87,189.2,191.78,07/20/18
71,33754680.0,109.63,110.23,109.21,25704330.0,108.14,109.54,108.08,18648700.0,107.78,108.44,107.78,109.1,08/17/16
72,42704910.0,171.76,174.78,170.42,41141250.0,180.95,182.39,176.27,40537700.0,184.46,184.94,181.21,173.49,12/07/18
73,21910700.0,320.75,323.44,318.93,20254650.0,317.75,322.35,317.21,38399530.0,319.25,321.15,316.47,324.66,06/03/20
74,66300930.0,110.17,111.54,108.73,73230280.0,112.83,113.51,107.86,51861990.0,113.85,114.57,112.44,109.07,10/01/15
75,19974430.0,257.05,258.19,256.32,25817950.0,257.33,257.85,255.38,37781330.0,249.54,255.93,249.16,256.77,11/06/19
76,66118950.0,354.64,356.56,345.15,24205100.0,351.41,353.45,349.22,28601630.0,355.15,355.4,351.09,351.34,06/22/20
77,43177540.0,226.51,228.87,226.0,48696960.0,223.25,228.26,222.4,27074260.0,220.15,223.49,219.41,228.41,09/04/18
78,24143240.0,247.42,249.25,246.72,18369300.0,243.16,246.73,242.88,17916260.0,244.51,244.8,241.81,248.97,10/29/19
79,27377960.0,160.52,160.71,157.84,27607370.0,161.94,162.51,160.15,29377630.0,160.66,162.2,160.14,157.86,08/18/17
80,69281360.0,216.42,221.37,211.3,33935720.0,208.76,210.16,207.31,21673390.0,208.46,210.64,208.44,213.9,08/01/19
81,31130520.0,244.76,245.3,241.21,35709870.0,248.97,249.75,242.57,24143240.0,247.42,249.25,246.72,247.24,10/31/19
82,56770080.0,94.2,95.74,93.68,47844490.0,93.97,94.08,92.4,68388840.0,93.99,94.72,92.51,95.2,05/04/16
83,20892380.0,210.89,211.84,210.23,31996320.0,209.84,212.65,208.13,64827330.0,209.88,215.31,209.23,204.29,05/06/19
84,28998220.0,169.97,170.32,168.38,24683350.0,173.04,173.48,171.18,16956290.0,173.5,174.5,173.4,171.18,11/16/17
85,59332210.0,174.0,174.26,171.12,39668100.0,167.64,168.5,165.28,33482970.0,169.87,169.94,165.61,172.37,11/06/17
86,41587090.0,300.35,307.9,300.21,39732270.0,304.51,309.79,301.53,50155640.0,312.15,315.95,303.21,313.17,05/18/20
87,23446340.0,137.08,137.44,136.7,20222210.0,137.14,137.44,136.28,21754600.0,135.91,136.66,135.28,137.89,03/01/17
88,40620360.0,169.0,169.08,165.28,31754210.0,170.49,172.57,169.55,35474680.0,170.4,171.92,169.02,165.45,12/17/18
89,67678680.0,178.37,181.47,175.51,41626820.0,190.0,190.7,184.99,36191330.0,190.5,194.97,189.46,179.73,11/21/18
90,17520500.0,258.69,260.44,256.85,23735080.0,258.74,260.35,258.11,18966120.0,256.77,257.49,255.37,258.3,11/11/19
91,35644510.0,218.01,224.3,216.56,39194720.0,220.95,221.85,216.47,37418910.0,221.85,225.37,220.71,224.94,09/12/18
92,26781730.0,105.58,106.0,105.28,30148360.0,104.81,105.84,104.77,33770220.0,106.05,106.07,104.0,106.27,08/05/16
93,17302160.0,141.88,142.0,140.45,14676420.0,141.41,142.04,141.11,16529130.0,141.48,141.88,140.87,141.22,04/20/17
94,29707270.0,113.06,114.31,112.63,21634520.0,112.71,113.05,112.28,36340670.0,112.46,113.37,111.8,113.4,10/05/16
95,21561320.0,175.03,176.19,174.83,25100510.0,174.78,175.84,173.85,22858840.0,173.41,175.0,173.04,176.49,04/17/18
96,61759000.0,165.0,170.09,163.33,41678680.0,173.49,174.49,168.3,42704910.0,171.76,174.78,170.42,171.66,12/11/18
97,23129400.0,188.77,188.84,186.21,19966590.0,186.35,188.5,185.76,15228270.0,188.38,188.88,186.78,188.23,05/25/18
98,31754210.0,170.49,172.57,169.55,35474680.0,170.4,171.92,169.02,45968040.0,171.66,171.79,167.0,169.0,12/14/18
99,30341520.0,142.94,143.35,140.06,18904680.0,143.6,143.88,142.9,16658660.0,143.73,144.18,143.27,141.6,04/12/17
100,22224400.0,170.1,171.0,169.7,20940020.0,171.05,171.21,169.25,23793830.0,168.99,170.66,168.42,171.39,02/13/19
101,26547490.0,267.48,271.0,267.3,18661340.0,263.79,265.89,262.73,16810390.0,261.07,263.31,260.68,270.0,12/09/19
102,54017920.0,213.9,218.03,206.74,69281360.0,216.42,221.37,211.3,33935720.0,208.76,210.16,207.31,205.53,08/02/19
103,32618140.0,107.27,108.85,107.2,32728460.0,107.4,107.72,106.45,47507230.0,107.28,107.37,105.57,109.0,12/24/15
104,43607120.0,106.34,106.5,105.19,34394830.0,105.52,106.47,104.96,38236730.0,104.61,106.31,104.59,105.93,03/21/16
105,33400950.0,122.32,122.57,121.71,36912040.0,123.15,123.5,122.27,33570380.0,123.38,123.91,122.55,122.6,07/31/15
106,33962370.0,115.04,116.2,114.98,43293350.0,113.84,115.92,113.75,26176690.0,113.29,115.0,112.49,115.38,12/15/16
107,44866280.0,159.87,159.96,157.91,71574560.0,162.61,163.96,158.77,31506890.0,160.5,162.05,159.89,158.99,09/14/17
108,17618870.0,207.48,209.73,207.14,13909560.0,208.89,209.24,206.73,14991570.0,207.67,209.15,207.17,208.46,07/29/19
109,16810390.0,261.07,263.31,260.68,29377270.0,258.31,259.53,256.29,23693550.0,267.27,268.25,263.45,263.79,12/05/19
110,24460850.0,95.7,96.5,95.62,30877540.0,94.6,95.66,94.37,27553750.0,95.39,95.4,94.46,96.49,07/08/16
111,22010360.0,204.4,205.97,203.86,18612770.0,204.9,205.0,202.12,18463850.0,206.83,207.76,205.12,203.06,04/30/19
112,24093300.0,157.9,160.0,157.65,16367780.0,156.73,157.28,156.41,16380570.0,156.35,157.37,155.73,159.78,10/17/17
113,26560420.0,109.51,110.73,109.42,37322930.0,110.42,112.19,110.27,25820460.0,108.78,110.0,108.2,110.23,04/06/16
114,19173780.0,140.72,141.02,140.26,25676720.0,139.41,140.75,139.03,15281850.0,139.3,139.65,138.84,141.0,03/17/17
115,43293350.0,113.84,115.92,113.75,26176690.0,113.29,115.0,112.49,34324350.0,112.31,114.7,112.31,115.04,12/14/16
116,19994270.0,155.94,156.06,154.72,25912270.0,156.01,156.65,155.05,32493770.0,154.7,156.42,154.67,153.6,05/17/17
117,57430620.0,187.71,189.48,182.85,41208710.0,197.42,198.85,192.77,34908610.0,200.4,201.68,196.66,186.41,05/14/19
118,48696960.0,223.25,228.26,222.4,27074260.0,220.15,223.49,219.41,22751390.0,219.01,220.54,218.92,226.51,08/31/18
119,39424260.0,180.29,180.33,177.03,41523580.0,182.66,182.8,177.7,45941750.0,176.73,181.29,174.93,184.46,12/03/18
120,33669020.0,149.1,150.22,148.41,19690420.0,149.9,150.33,148.13,17192770.0,149.89,150.23,149.19,159.28,08/02/17
121,84188210.0,228.08,228.5,212.61,100423300.0,247.18,251.83,228.0,67964260.0,247.39,252.84,242.61,236.36,03/24/20
122,48407640.0,116.04,116.4,114.54,101593400.0,112.53,115.42,109.63,96820670.0,117.81,118.18,113.33,114.32,08/14/15
123,17897140.0,201.85,203.73,201.56,20578020.0,199.2,201.51,198.81,25338630.0,200.81,201.4,198.41,203.31,07/11/19
124,62080160.0,107.51,108.79,107.24,45114590.0,102.65,105.72,102.53,46461610.0,104.64,105.72,103.13,108.73,09/14/16
125,25558680.0,173.36,175.0,173.05,25047130.0,170.78,173.7,170.78,16041550.0,170.29,170.56,169.56,175.1,11/24/17
126,21247590.0,145.52,146.07,144.61,24877950.0,146.87,146.87,144.94,32203640.0,143.66,146.74,143.66,145.77,06/22/17
127,41484540.0,170.43,172.14,168.44,41459120.0,172.63,172.92,167.16,26387240.0,174.3,174.87,171.86,169.95,12/01/17
128,31672220.0,98.53,99.35,98.48,26575570.0,98.5,99.99,98.46,20839950.0,99.02,99.56,98.68,98.69,06/13/16
129,30149410.0,218.1,219.18,215.11,35034410.0,213.44,217.95,213.16,27595310.0,211.75,213.81,211.47,216.8,08/21/18
130,28595230.0,209.22,210.74,208.33,20679270.0,210.16,210.56,208.26,25864510.0,207.7,210.95,207.7,211.75,08/16/18
131,34089190.0,147.16,147.45,145.15,72187710.0,145.74,146.09,142.51,64782910.0,155.19,155.19,146.02,147.5,06/14/17
132,32470020.0,242.8,245.7,238.97,41483490.0,240.34,245.15,236.9,44054640.0,246.5,248.72,239.13,250.9,04/06/20
133,27185130.0,186.12,186.15,184.7,25649240.0,187.25,188.35,184.94,20490090.0,186.35,187.2,185.73,183.4,06/25/18
134,25047130.0,170.78,173.7,170.78,16041550.0,170.29,170.56,169.56,21884010.0,171.04,171.39,169.64,173.36,11/22/17
135,27953810.0,174.32,174.91,172.92,27817640.0,173.21,175.0,172.73,16991610.0,173.71,175.3,173.17,174.28,03/01/19
136,23637310.0,158.99,159.4,158.09,44866280.0,159.87,159.96,157.91,71574560.0,162.61,163.96,158.77,158.47,09/15/17
137,24518850.0,175.48,177.12,175.07,31686450.0,174.94,175.85,174.27,23273160.0,177.91,178.25,176.13,177.96,03/09/18
138,23527660.0,183.9,184.1,182.56,30929740.0,182.25,183.3,180.92,32416800.0,180.0,182.67,179.37,184.85,03/15/19
139,37350060.0,155.8,155.8,152.75,52126240.0,157.9,158.26,153.83,20565620.0,159.51,159.77,158.44,152.02,09/22/17
140,48032600.0,95.02,96.85,94.61,40323020.0,94.19,94.5,93.01,49979700.0,93.79,94.72,92.59,96.67,02/17/16
141,106721200.0,257.26,278.41,256.37,80151380.0,281.1,286.0,272.96,49678430.0,286.53,297.88,286.5,282.28,03/02/20
142,44434220.0,111.29,111.52,109.56,32970790.0,110.82,112.45,110.68,30386830.0,112.73,112.75,111.44,110.93,10/15/15
143,26729940.0,163.64,164.52,163.48,27215770.0,163.8,163.89,162.61,29451050.0,160.1,163.12,160.0,164.8,09/01/17
144,50991030.0,199.0,199.85,193.79,34317760.0,205.55,206.01,202.25,25289270.0,209.98,210.12,206.75,191.63,11/13/18
145,34154130.0,315.31,319.64,313.63,43496400.0,304.3,313.49,302.22,49897100.0,320.93,322.68,308.29,323.52,02/05/20
146,24185530.0,203.12,204.15,202.52,28865310.0,199.54,203.38,198.61,25668330.0,199.46,201.37,198.56,202.83,04/22/19
147,22551660.0,186.29,187.19,182.91,17352380.0,184.1,186.21,183.8,24987260.0,185.23,187.28,184.03,183.82,07/02/18
148,26387240.0,174.3,174.87,171.86,20591090.0,175.05,175.08,173.34,14026670.0,175.1,175.5,174.65,172.63,11/29/17
149,23492650.0,117.1,117.74,117.0,22527690.0,116.81,116.91,116.28,24100150.0,116.86,117.38,116.33,117.95,10/25/16
150,32130360.0,177.96,180.0,177.39,24518850.0,175.48,177.12,175.07,31686450.0,174.94,175.85,174.27,180.29,03/12/18
151,45579740.0,145.59,147.49,144.27,44182930.0,147.54,148.09,146.84,33498270.0,145.1,147.2,144.96,146.52,05/04/17
152,31251870.0,96.45,97.75,96.07,29373050.0,97.82,98.41,97.03,31890740.0,97.32,98.48,96.75,96.62,06/17/16
153,20059570.0,206.43,206.98,204.22,21162560.0,210.16,210.45,207.2,21007650.0,208.5,209.32,206.66,208.39,09/04/19
154,13909560.0,208.89,209.24,206.73,14991570.0,207.67,209.15,207.17,18355210.0,208.46,208.91,207.29,207.48,07/26/19
155,39075250.0,172.0,172.0,170.06,41438280.0,174.51,174.95,170.53,51368540.0,177.25,177.3,173.2,170.16,01/29/18
156,54145930.0,160.29,161.0,155.03,51467440.0,163.09,163.4,159.07,68171940.0,154.83,163.72,154.0,157.07,02/09/18
157,28331540.0,162.62,165.42,162.41,33674960.0,165.67,166.33,161.22,36396590.0,166.84,166.92,164.09,164.12,04/26/18
158,15009800.0,191.52,192.65,190.42,12506830.0,191.08,191.84,190.9,18000180.0,189.53,191.41,189.31,189.75,07/17/18
159,35617230.0,164.0,164.33,160.63,27850370.0,164.12,165.73,163.37,28331540.0,162.62,165.42,162.41,162.13,04/30/18
160,27948160.0,178.92,180.59,177.91,23714690.0,180.2,182.14,178.62,36529740.0,179.8,180.54,177.81,176.42,05/29/19
161,44289650.0,218.07,223.71,217.73,31777930.0,213.86,216.78,211.71,27309400.0,214.84,216.44,211.07,224.8,09/12/19
162,49793750.0,111.79,114.21,111.76,62800770.0,110.27,113.28,109.9,84757780.0,113.76,114.02,109.77,116.58,09/14/15
163,58724080.0,106.7,110.23,106.6,32230590.0,106.57,107.68,106.16,50901380.0,107.71,107.81,104.08,109.81,11/17/16
164,50303500.0,97.65,100.77,97.42,35131460.0,96.86,98.23,96.65,28949760.0,97.2,98.02,96.58,100.51,03/02/16
165,79356010.0,96.2,97.71,95.36,63000140.0,97.96,100.48,95.74,62285770.0,100.32,101.19,97.3,98.41,01/19/16
166,64398230.0,160.4,162.11,155.3,47597670.0,166.0,167.45,159.09,33753490.0,165.38,167.53,164.39,156.86,12/21/18
167,92143920.0,104.27,104.35,102.75,53454620.0,96.82,97.97,96.42,40290580.0,98.25,98.84,96.92,102.83,07/28/16
168,23273160.0,177.91,178.25,176.13,27825140.0,175.21,177.74,174.52,38426060.0,172.8,176.3,172.45,174.94,03/07/18
169,28481170.0,176.42,179.35,176.0,27948160.0,178.92,180.59,177.91,23714690.0,180.2,182.14,178.62,177.95,05/30/19
170,36778560.0,168.07,173.1,166.44,40984540.0,168.39,169.92,164.94,41335980.0,170.0,172.68,168.6,173.68,03/27/18
171,28174980.0,111.4,112.35,111.23,43403760.0,113.46,113.77,110.53,26378910.0,113.65,114.23,113.2,110.98,11/03/16
172,20442740.0,172.4,173.13,171.65,23402510.0,172.5,173.54,172.0,19088170.0,172.15,172.39,171.46,173.63,12/15/17
173,66139770.0,118.08,118.13,114.92,59251740.0,116.7,119.23,116.33,41430660.0,114.33,115.5,114.1,115.4,10/27/15
174,44054640.0,246.5,248.72,239.13,49250500.0,255.6,262.49,252.0,41994110.0,250.74,255.52,249.4,240.34,04/02/20
175,17426160.0,185.42,188.43,185.2,16543880.0,185.26,186.41,184.28,13954810.0,187.79,187.95,183.54,189.5,07/09/18
176,53168580.0,111.94,112.8,110.35,64678220.0,112.18,112.68,109.79,46810020.0,115.19,115.39,112.85,111.07,12/16/15
177,82107120.0,97.61,97.88,94.25,114436300.0,96.0,98.71,95.68,52979780.0,103.91,105.3,103.91,93.99,04/29/16
178,36505420.0,93.97,94.55,93.63,40387960.0,92.9,93.66,92.14,45595680.0,93.0,93.05,91.5,94.44,06/30/16
179,21610300.0,162.71,162.99,160.52,29491910.0,163.75,164.25,160.56,16564340.0,164.8,164.94,163.63,162.09,09/07/17
180,21480120.0,192.42,192.88,190.44,16859020.0,191.39,192.61,191.15,18069930.0,191.35,191.97,190.21,191.55,06/14/18
181,75219710.0,92.91,94.66,92.65,32042290.0,95.94,96.29,95.25,29124140.0,96.25,96.89,95.35,93.0,06/27/16
182,18458410.0,187.88,189.22,187.2,61438290.0,190.03,190.16,188.26,21584720.0,191.55,191.57,190.22,185.14,06/19/18
183,76562170.0,110.15,111.88,107.36,56111590.0,112.03,114.53,112.0,53075960.0,112.17,113.31,111.54,110.23,09/02/15
184,18527000.0,142.9,144.75,142.9,24110330.0,143.02,143.5,142.41,21550270.0,143.69,144.79,142.72,144.11,07/10/17
185,99202400.0,112.95,117.44,112.1,123601900.0,117.42,117.7,113.25,69639900.0,121.5,122.57,117.52,115.97,08/06/15
186,28575800.0,279.57,281.77,278.8,32081110.0,277.0,280.79,276.98,33432810.0,271.46,275.3,270.93,279.8,12/18/19
187,21258100.0,140.4,141.5,140.23,43700570.0,141.0,141.0,139.89,19173780.0,140.72,141.02,140.26,142.11,03/21/17
188,21654750.0,198.68,200.74,198.18,35738280.0,200.32,202.85,199.23,25829880.0,196.42,200.23,196.34,200.85,04/11/19
189,25129510.0,175.11,175.38,174.27,29422610.0,175.11,176.1,173.14,24358920.0,174.66,176.24,174.33,173.5,11/13/17
190,50036510.0,344.72,347.8,334.22,50415610.0,349.31,351.06,335.48,41662940.0,347.9,354.77,346.09,333.25,06/15/20
191,17186760.0,188.23,189.65,187.65,23129400.0,188.77,188.84,186.21,19966590.0,186.35,188.5,185.76,187.6,05/29/18
192,41990210.0,232.95,237.64,232.31,28962980.0,227.93,230.44,227.3,19029420.0,227.03,227.79,225.64,234.9,10/14/19
193,34702230.0,333.25,345.68,332.58,50036510.0,344.72,347.8,334.22,50415610.0,349.31,351.06,335.48,351.46,06/16/20
194,52954070.0,219.05,222.36,216.81,38016810.0,216.88,220.45,216.62,36487930.0,211.15,215.18,209.27,209.55,11/02/18
195,37568080.0,179.26,180.62,178.05,38885510.0,179.1,180.48,178.16,37353670.0,176.35,179.39,176.21,178.54,03/01/18
196,68171940.0,154.83,163.72,154.0,72215320.0,159.1,163.88,156.0,85957050.0,166.0,166.8,160.1,163.09,02/07/18
197,25001730.0,107.39,107.88,106.68,23606240.0,108.57,108.75,107.68,21236850.0,108.59,109.32,108.53,107.41,08/26/16
198,40862120.0,205.53,206.43,201.63,54017920.0,213.9,218.03,206.74,69281360.0,216.42,221.37,211.3,197.99,08/05/19
199,25458120.0,318.58,319.99,317.31,27710810.0,317.19,319.02,316.0,34454120.0,316.27,318.74,315.0,317.92,01/23/20
200,23553790.0,108.91,109.77,108.17,31735810.0,109.95,110.42,108.12,26178840.0,110.23,110.98,109.2,108.97,04/11/16
201,31996320.0,209.84,212.65,208.13,64827330.0,209.88,215.31,209.23,45751160.0,203.06,203.4,199.11,210.89,05/03/19
202,27043580.0,176.23,177.99,174.99,21218410.0,177.95,179.23,176.67,28481170.0,176.42,179.35,176.0,175.6,06/03/19
203,72187710.0,145.74,146.09,142.51,64782910.0,155.19,155.19,146.02,21144040.0,155.25,155.54,154.4,147.16,06/13/17
204,26388050.0,220.24,222.28,219.15,26869880.0,218.5,219.62,215.3,31495630.0,217.79,221.85,217.12,220.78,09/21/18
205,16365720.0,191.78,191.8,189.93,15515000.0,189.75,191.87,189.2,15009800.0,191.52,192.65,190.42,189.69,07/19/18
206,20490090.0,186.35,187.2,185.73,33538550.0,185.14,186.33,183.45,18458410.0,187.88,189.22,187.2,187.25,06/21/18
207,31695870.0,126.04,126.37,125.04,41365600.0,125.03,125.76,124.32,61292800.0,121.94,123.85,121.21,125.72,07/15/15
208,25141490.0,322.63,324.65,318.21,23495990.0,320.0,324.57,320.0,38190550.0,315.36,319.75,314.61,318.62,02/21/20
209,20118620.0,153.42,154.43,153.33,21895020.0,154.0,154.24,153.31,19217810.0,153.73,154.35,153.03,153.97,05/31/17
210,52720620.0,110.0,112.28,109.49,61747260.0,110.19,110.19,108.21,46717770.0,111.74,111.77,109.41,112.73,10/12/15
211,32361930.0,110.08,110.51,109.46,30790930.0,108.53,110.25,108.11,26538700.0,110.98,111.46,109.55,110.31,11/08/16
212,23265200.0,97.99,101.89,97.55,28487570.0,97.79,98.27,97.45,40170200.0,97.6,97.84,96.63,99.25,06/07/16
213,20912820.0,193.63,194.08,191.92,21535570.0,193.07,193.94,192.36,26190620.0,191.64,193.42,191.35,194.14,06/07/18
214,35034410.0,213.44,217.95,213.16,27595310.0,211.75,213.81,211.47,28595230.0,209.22,210.74,208.33,218.1,08/20/18
215,23334000.0,284.82,289.98,284.7,12119710.0,284.69,284.89,282.92,24677880.0,280.53,284.25,280.37,291.12,12/27/19
216,14991570.0,207.67,209.15,207.17,18355210.0,208.46,208.91,207.29,22277930.0,203.65,207.23,203.61,208.89,07/25/19
217,46858910.0,94.55,94.7,93.01,61192340.0,92.39,94.39,91.65,44223040.0,90.0,91.67,90.0,94.16,05/18/16
218,26320740.0,121.67,122.44,121.6,32417410.0,120.42,122.1,120.28,23191150.0,119.55,120.1,119.5,122.14,01/27/17
219,25080500.0,145.5,148.49,145.44,24833800.0,145.87,146.18,144.82,18647220.0,144.73,145.85,144.38,147.97,07/14/17
220,25763840.0,109.72,109.9,108.88,45547590.0,108.65,110.42,108.6,31154910.0,104.89,107.79,104.88,108.78,04/01/16
221,40382890.0,163.05,167.54,162.88,32483310.0,161.95,164.75,161.65,60774900.0,158.5,163.89,157.51,169.79,02/15/18
222,35454230.0,105.93,107.65,105.14,43607120.0,106.34,106.5,105.19,34394830.0,105.52,106.47,104.96,105.25,03/22/16
223,14979680.0,116.45,117.11,116.4,20686510.0,117.52,118.02,116.2,18131970.0,116.52,117.8,116.49,116.65,12/30/16
224,46893220.0,295.52,299.55,291.41,54794570.0,296.44,303.4,293.13,79868850.0,303.67,304.0,285.8,282.0,03/06/20
225,16386120.0,265.58,267.98,265.31,26334880.0,266.94,267.16,262.5,21029520.0,262.71,266.44,262.52,266.6,11/29/19
226,20523870.0,174.35,175.61,173.93,23589930.0,173.44,175.37,173.05,22342650.0,172.54,173.47,172.08,174.55,01/09/18
227,24460160.0,128.31,129.19,128.16,33671250.0,127.98,129.39,127.78,111837300.0,127.03,130.49,127.01,129.13,02/06/17
228,25649240.0,187.25,188.35,184.94,20490090.0,186.35,187.2,185.73,33538550.0,185.14,186.33,183.45,186.12,06/22/18
229,23583810.0,117.33,117.84,116.78,35626020.0,117.88,118.17,117.13,35041820.0,116.79,117.44,115.72,118.18,10/18/16
230,71882770.0,236.36,247.69,234.3,84188210.0,228.08,228.5,212.61,100423300.0,247.18,251.83,228.0,250.75,03/25/20
231,25686350.0,106.48,107.07,105.9,32345430.0,105.25,107.29,105.21,35454230.0,105.93,107.65,105.14,105.47,03/24/16
232,31627180.0,277.2,283.01,277.0,31203580.0,275.87,281.75,274.87,29264340.0,273.61,277.9,272.2,281.8,04/27/20
233,47767760.0,121.15,121.39,120.62,30327110.0,120.93,121.63,120.66,20495340.0,122.14,122.35,121.6,127.03,02/01/17
234,68176940.0,114.08,114.35,111.63,48079330.0,116.1,116.52,114.68,34525630.0,116.43,117.44,116.01,110.43,08/21/15
235,26575010.0,176.49,178.94,176.41,21561320.0,175.03,176.19,174.83,25100510.0,174.78,175.84,173.85,177.81,04/18/18
236,23141260.0,186.55,187.4,185.22,28053230.0,184.99,186.22,183.67,42557530.0,185.18,187.67,184.75,187.74,05/10/18
237,19906170.0,154.9,154.9,153.31,22930630.0,154.0,154.58,152.91,26892850.0,153.38,153.98,152.63,153.84,05/24/17
238,27074260.0,220.15,223.49,219.41,22751390.0,219.01,220.54,218.92,20400770.0,217.15,218.74,216.33,223.25,08/30/18
239,21124240.0,199.68,199.88,197.31,26551000.0,196.05,200.29,195.21,14669140.0,192.9,194.96,192.17,200.37,06/20/19
240,37847260.0,190.3,192.14,189.34,20912890.0,191.9,192.2,189.07,23975350.0,194.99,195.19,190.1,199.13,08/01/18
241,31644240.0,172.4,173.94,170.34,28204640.0,174.65,175.57,172.85,36054570.0,172.86,175.08,172.35,168.99,02/08/19
242,29976030.0,109.26,111.19,109.16,26160560.0,109.5,110.36,109.19,34113880.0,110.0,110.03,108.25,110.86,12/08/16
243,59251740.0,116.7,119.23,116.33,41430660.0,114.33,115.5,114.1,42276880.0,114.0,115.58,113.7,118.08,10/26/15
244,24129530.0,97.17,97.7,97.12,23317990.0,96.75,97.65,96.73,28877500.0,96.49,96.89,96.05,97.41,07/13/16
245,48670440.0,149.03,153.7,149.03,27254850.0,146.76,148.98,146.76,23345970.0,146.52,147.14,145.81,153.87,05/09/17
246,51106100.0,118.7,120.69,118.27,85436210.0,116.93,119.3,116.06,67673450.0,115.4,116.54,113.99,120.99,10/30/15
247,29385650.0,174.88,177.2,174.86,40122100.0,173.63,174.17,172.46,20442740.0,172.4,173.13,171.65,175.03,12/19/17
248,19977160.0,117.25,117.76,113.8,24308210.0,118.18,118.21,117.45,23583810.0,117.33,117.84,116.78,116.86,10/20/16
249,26481320.0,109.17,110.09,108.85,37034520.0,110.37,110.94,109.03,36151450.0,111.6,112.2,110.27,110.0,12/05/16
250,35779520.0,167.9,169.65,166.94,44651420.0,163.89,168.07,163.72,44387770.0,159.29,163.6,158.7,169.87,11/01/17
251,32445680.0,119.27,119.73,117.34,34135230.0,119.2,119.92,118.85,43233950.0,117.64,119.75,116.76,117.33,11/24/15
252,34260890.0,169.2,172.89,168.79,23285760.0,170.49,171.0,168.82,25656110.0,169.03,170.44,168.91,172.15,12/12/17
253,35783320.0,94.44,95.77,94.3,36505420.0,93.97,94.55,93.63,40387960.0,92.9,93.66,92.14,95.49,07/01/16
254,42357420.0,156.75,157.08,155.02,16252850.0,160.42,160.71,159.6,18969700.0,159.78,160.87,159.23,156.61,10/20/17
255,15281850.0,139.3,139.65,138.84,17048800.0,138.85,139.43,138.82,19578920.0,139.25,139.36,138.64,139.41,03/15/17
256,67964260.0,247.39,252.84,242.61,75058410.0,239.77,250.0,237.12,81013970.0,247.51,257.61,238.4,247.18,03/20/20
257,21532200.0,174.55,175.06,173.41,20523870.0,174.35,175.61,173.93,23589930.0,173.44,175.37,173.05,173.16,01/10/18
258,73230280.0,112.83,113.51,107.86,51861990.0,113.85,114.57,112.44,56005550.0,116.44,116.69,114.02,110.17,09/30/15
259,16947420.0,204.09,205.87,204.0,17595210.0,202.45,204.0,202.2,20191840.0,203.31,204.39,201.71,204.59,07/16/19
260,20769030.0,136.43,137.12,136.11,24487200.0,136.23,136.75,135.98,22163280.0,135.1,135.83,135.1,137.38,02/23/17
261,40575260.0,317.83,319.69,310.91,36486560.0,308.1,317.05,307.24,33511990.0,305.64,310.35,304.29,312.15,05/13/20
262,34317760.0,205.55,206.01,202.25,25289270.0,209.98,210.12,206.75,33291640.0,205.97,210.06,204.13,199.0,11/12/18
263,36059610.0,289.46,292.69,285.22,36592940.0,291.12,293.97,288.12,23334000.0,284.82,289.98,284.7,289.93,12/31/19
264,21846400.0,174.16,175.87,173.95,18890250.0,171.58,173.0,171.38,17154540.0,171.8,172.37,170.3,173.71,02/26/19
265,27649500.0,144.22,145.46,143.81,19865300.0,143.25,144.89,143.17,19970040.0,143.71,144.12,143.05,144.29,04/06/17
266,22632380.0,268.6,270.07,265.86,32182650.0,270.0,270.8,264.91,26547490.0,267.48,271.0,267.3,268.81,12/11/19
267,32203640.0,143.66,146.74,143.66,50264540.0,143.78,144.5,142.2,31642900.0,143.32,144.48,142.21,146.87,06/20/17
268,27883360.0,203.46,205.14,199.67,36547440.0,203.16,206.44,202.59,47539790.0,201.02,212.14,200.83,204.28,08/16/19
269,24308210.0,118.18,118.21,117.45,23583810.0,117.33,117.84,116.78,35626020.0,117.88,118.17,117.13,117.25,10/19/16
270,26869880.0,218.5,219.62,215.3,31495630.0,217.79,221.85,217.12,36810120.0,222.15,222.95,217.27,220.24,09/20/18
271,23531670.0,139.39,141.22,138.62,22355140.0,141.5,141.74,140.35,20299310.0,141.26,141.58,140.61,140.91,03/28/17
272,68384270.0,100.56,102.37,99.87,55583140.0,105.75,105.85,102.41,67569090.0,102.61,105.37,102.0,98.68,01/07/16
273,19088170.0,172.15,172.39,171.46,34260890.0,169.2,172.89,168.79,23285760.0,170.49,171.0,168.82,172.5,12/13/17
274,35767260.0,223.06,223.58,217.93,36187160.0,225.07,228.22,224.2,26318580.0,220.9,224.58,220.79,218.43,10/03/19
275,21175670.0,156.91,157.55,155.27,17633730.0,156.29,157.42,156.2,21888930.0,156.89,157.69,155.5,157.23,10/26/17
276,27738580.0,199.2,200.14,196.21,20543190.0,200.85,201.0,198.44,21654750.0,198.68,200.74,198.18,198.58,04/15/19
277,30953760.0,171.8,173.95,171.71,37378070.0,172.83,174.12,171.01,33690660.0,172.05,174.26,171.42,173.67,02/23/18
278,31851180.0,96.4,96.5,94.55,34240470.0,96.31,96.9,95.92,35290570.0,96.0,96.76,95.8,93.98,02/24/16
279,14107450.0,204.05,205.09,203.27,16866820.0,204.59,206.11,203.5,16947420.0,204.09,205.87,204.0,204.0,07/18/19
280,24677880.0,280.53,284.25,280.37,69032740.0,282.23,282.65,278.56,24626950.0,279.5,281.18,278.95,284.69,12/24/19
281,20839950.0,99.02,99.56,98.68,22378380.0,99.25,99.87,98.96,23265200.0,97.99,101.89,97.55,98.5,06/09/16
282,26178840.0,110.23,110.98,109.2,26560420.0,109.51,110.73,109.42,37322930.0,110.42,112.19,110.27,109.95,04/07/16
283,27581270.0,216.82,221.26,216.63,95584080.0,220.78,221.36,217.29,26388050.0,220.24,222.28,219.15,219.75,09/25/18
284,32512580.0,172.48,172.62,169.63,39735110.0,169.95,171.67,168.5,41484540.0,170.43,172.14,168.44,169.06,12/05/17
285,27460070.0,108.52,108.93,107.85,23839880.0,108.71,108.9,107.76,26296260.0,108.23,108.94,108.01,107.78,08/12/16
286,32493770.0,154.7,156.42,154.67,27236290.0,152.45,154.07,152.31,25779060.0,153.63,153.94,152.11,156.01,05/15/17
287,31306390.0,178.61,179.58,177.41,31087330.0,179.37,180.1,178.25,34260230.0,176.15,179.25,175.07,177.3,01/22/18
288,27309400.0,214.84,216.44,211.07,19362290.0,214.05,214.42,212.51,23946880.0,212.0,213.97,211.51,213.86,09/10/19
289,23294040.0,141.22,142.92,141.16,17302160.0,141.88,142.0,140.45,14676420.0,141.41,142.04,141.11,142.44,04/21/17
290,45751160.0,203.06,203.4,199.11,22010360.0,204.4,205.97,203.86,18612770.0,204.9,205.0,202.12,209.88,05/01/19
291,33653020.0,93.33,93.57,92.11,32895650.0,93.0,93.77,92.59,43665160.0,93.37,93.45,91.85,93.48,05/11/16
292,85436210.0,116.93,119.3,116.06,67673450.0,115.4,116.54,113.99,66139770.0,118.08,118.13,114.92,118.7,10/29/15
293,20783460.0,144.09,144.3,143.27,14198660.0,143.92,144.16,143.31,19998050.0,144.47,144.6,143.38,145.1,05/01/17
294,19636390.0,189.5,190.68,189.3,17426160.0,185.42,188.43,185.2,16543880.0,185.26,186.41,184.28,190.71,07/10/18
295,15228270.0,188.38,188.88,186.78,18383080.0,188.0,189.27,186.91,18083080.0,187.19,187.81,186.13,186.35,05/23/18
296,41411350.0,223.52,228.35,222.57,49118510.0,224.94,225.0,219.84,35644510.0,218.01,224.3,216.56,225.75,09/14/18
297,26356390.0,322.57,325.22,320.26,29706720.0,323.52,324.76,318.95,34154130.0,315.31,319.64,313.63,322.37,02/07/20
298,23946880.0,212.0,213.97,211.51,19216820.0,208.39,209.48,207.32,20059570.0,206.43,206.98,204.22,214.05,09/06/19
299,56137230.0,178.25,184.25,178.17,33944110.0,175.88,177.5,174.44,66454720.0,175.23,177.75,173.8,185.18,05/07/18
300,36529680.0,186.41,189.7,185.41,57430620.0,187.71,189.48,182.85,41208710.0,197.42,198.85,192.77,186.27,05/15/19
301,46461610.0,104.64,105.72,103.13,52955310.0,107.25,107.27,105.24,42250480.0,107.83,108.76,107.07,102.65,09/12/16
302,33316990.0,117.05,118.11,116.08,34806250.0,118.75,118.81,116.86,38063130.0,117.99,119.41,117.75,116.55,12/03/15
303,25361290.0,220.54,220.96,217.28,19088310.0,220.0,220.94,218.83,22481010.0,218.55,221.5,217.14,220.9,09/30/19
304,43250420.0,165.45,168.35,162.73,40620360.0,169.0,169.08,165.28,31754210.0,170.49,172.57,169.55,165.38,12/18/18
305,35907770.0,151.78,153.92,151.69,44366140.0,149.99,151.83,149.16,46575410.0,152.02,152.27,150.56,153.8,09/27/17
306,44651420.0,163.89,168.07,163.72,44387770.0,159.29,163.6,158.7,16916650.0,157.23,157.83,156.78,167.9,10/31/17
307,25982080.0,95.49,96.47,95.33,35783320.0,94.44,95.77,94.3,36505420.0,93.97,94.55,93.63,95.39,07/05/16
308,35583440.0,300.46,303.24,298.87,36937800.0,295.06,301.0,294.46,33391990.0,289.17,293.69,286.32,303.22,05/07/20
309,35824790.0,196.31,198.07,194.04,52392970.0,197.99,198.65,192.58,40862120.0,205.53,206.43,201.63,195.41,08/07/19
310,104618500.0,255.94,270.0,248.0,64094970.0,277.39,281.22,271.86,71322520.0,277.14,286.44,269.37,264.89,03/13/20
311,32152870.0,119.87,121.36,119.61,49305220.0,120.99,121.22,119.45,51106100.0,118.7,120.69,118.27,120.79,11/03/15
312,101593400.0,112.53,115.42,109.63,96820670.0,117.81,118.18,113.33,54851010.0,116.53,119.99,116.53,116.04,08/13/15
313,33508960.0,155.48,158.13,154.32,25418110.0,154.11,154.48,151.74,23046560.0,154.15,155.14,151.7,155.79,01/28/19
314,16339690.0,174.68,175.42,174.5,20848660.0,174.17,176.02,174.1,23451420.0,174.87,175.42,173.25,170.8,12/26/17
315,25656110.0,169.03,170.44,168.91,28397810.0,167.5,170.2,166.46,27315530.0,169.06,171.52,168.4,170.49,12/08/17
316,21982000.0,120.0,120.81,119.77,29922650.0,120.45,120.45,119.73,25554290.0,119.4,120.09,119.37,119.55,01/24/17
317,20591090.0,175.05,175.08,173.34,14026670.0,175.1,175.5,174.65,25558680.0,173.36,175.0,173.05,174.3,11/28/17
318,21847230.0,261.55,262.79,260.92,20507460.0,258.3,262.47,258.28,17520500.0,258.69,260.44,256.85,261.13,11/13/19
319,19620520.0,175.24,176.8,174.94,32931110.0,177.32,177.47,173.66,38313330.0,178.65,179.12,177.62,175.04,03/21/18
320,66454720.0,175.23,177.75,173.8,52228910.0,166.41,169.2,165.27,41976500.0,162.13,167.26,161.84,175.88,05/03/18
321,27057550.0,118.9,119.3,118.21,27453130.0,118.74,119.93,118.6,24432660.0,118.77,119.38,118.3,119.11,01/13/17
322,36187160.0,225.07,228.22,224.2,26318580.0,220.9,224.58,220.79,25361290.0,220.54,220.96,217.28,223.06,10/02/19
323,21007650.0,208.5,209.32,206.66,15957630.0,204.1,205.72,203.32,25897340.0,207.86,208.55,203.53,210.16,08/30/19
324,23985960.0,170.32,173.07,169.5,24755470.0,173.87,174.44,172.02,20755140.0,174.67,175.49,173.94,175.49,03/11/19
325,49897100.0,320.93,322.68,308.29,31685810.0,320.54,324.09,318.75,54149930.0,324.45,327.85,321.38,304.3,02/03/20
326,29264340.0,273.61,277.9,272.2,45247890.0,276.28,277.25,265.43,32503750.0,277.95,281.68,276.85,275.87,04/23/20
327,52392970.0,197.99,198.65,192.58,40862120.0,205.53,206.43,201.63,54017920.0,213.9,218.03,206.74,196.31,08/06/19
328,95497900.0,156.86,158.16,149.63,64398230.0,160.4,162.11,155.3,47597670.0,166.0,167.45,159.09,148.15,12/24/18
329,22481890.0,199.62,202.05,199.15,24619750.0,201.3,202.76,199.29,27009520.0,200.2,203.53,199.39,201.02,08/13/19
330,25737560.0,174.28,175.15,172.89,27953810.0,174.32,174.91,172.92,27817640.0,173.21,175.0,172.73,175.69,03/04/19
331,111837300.0,127.03,130.49,127.01,47767760.0,121.15,121.39,120.62,30327110.0,120.93,121.63,120.66,127.98,02/02/17
332,18776390.0,188.5,189.78,187.61,15801370.0,190.71,191.28,190.18,19636390.0,189.5,190.68,189.3,189.53,07/12/18
333,49118510.0,224.94,225.0,219.84,35644510.0,218.01,224.3,216.56,39194720.0,220.95,221.85,216.47,223.52,09/13/18
334,27150570.0,109.34,110.5,108.66,29357940.0,108.97,110.61,108.83,23553790.0,108.91,109.77,108.17,110.8,04/13/16
335,100423300.0,247.18,251.83,228.0,67964260.0,247.39,252.84,242.61,75058410.0,239.77,250.0,237.12,228.08,03/23/20
336,27049830.0,110.86,112.43,110.6,29976030.0,109.26,111.19,109.16,26160560.0,109.5,110.36,109.19,112.31,12/09/16
337,45765970.0,289.96,294.53,288.35,34320200.0,284.73,289.67,283.89,28001190.0,285.08,285.83,278.2,286.25,05/01/20
338,28010430.0,107.52,108.37,107.16,39546610.0,106.27,107.65,106.18,26781730.0,105.58,106.0,105.28,108.23,08/09/16
339,17290900.0,142.44,142.68,141.85,23294040.0,141.22,142.92,141.16,17302160.0,141.88,142.0,140.45,143.5,04/24/17
340,33770220.0,106.05,106.07,104.0,38018910.0,104.41,106.15,104.41,27697970.0,104.19,104.55,103.68,104.81,08/03/16
341,23524830.0,189.83,190.08,188.54,20710390.0,188.95,189.56,187.53,29771210.0,188.75,189.76,186.55,191.64,04/01/19
342,19082170.0,145.77,146.7,145.12,21247590.0,145.52,146.07,144.61,24877950.0,146.87,146.87,144.94,145.13,06/23/17
343,60800480.0,163.25,166.15,160.23,39914850.0,156.25,158.13,154.11,26147280.0,155.79,156.33,153.66,166.11,01/31/19
344,36340670.0,112.46,113.37,111.8,35850010.0,113.16,113.8,111.8,29608390.0,113.69,114.64,113.43,112.71,10/03/16
345,31464170.0,182.59,183.5,179.24,32191070.0,180.29,182.39,180.21,32130360.0,177.96,180.0,177.39,180.32,03/14/18
346,29723750.0,110.8,111.75,110.11,38794930.0,111.78,112.0,110.53,37622200.0,110.93,112.1,110.49,111.34,10/20/15
347,50565420.0,170.16,170.16,167.07,39075250.0,172.0,172.0,170.06,41438280.0,174.51,174.95,170.53,165.53,01/30/18
348,34755550.0,225.64,227.49,223.89,30352690.0,218.43,220.96,215.13,35767260.0,223.06,223.58,217.93,226.27,10/07/19
349,17170490.0,151.5,151.74,150.19,20859830.0,150.48,151.42,149.95,17837130.0,149.2,150.13,148.67,149.99,07/21/17
350,85957050.0,166.0,166.8,160.1,44453230.0,167.17,168.62,166.76,32234520.0,166.87,168.44,166.5,159.1,02/05/18
351,36792100.0,113.87,115.21,113.45,31396130.0,115.39,115.86,114.1,66028640.0,114.31,115.7,113.31,113.65,10/31/16
352,37418910.0,221.85,225.37,220.71,34121240.0,226.23,227.35,221.3,33290830.0,228.99,229.67,225.1,220.95,09/10/18
353,21477380.0,170.1,170.78,169.71,33113340.0,170.8,171.47,169.68,16339690.0,174.68,175.42,174.5,171.0,12/28/17
354,31961120.0,230.78,232.35,226.73,28540490.0,230.05,233.47,229.78,24435010.0,227.25,230.0,226.63,227.96,10/05/18
355,35217270.0,310.6,312.67,308.25,42621540.0,307.24,310.43,306.2,33090950.0,297.16,304.44,297.16,311.64,01/13/20
356,33136130.0,100.51,100.89,99.64,50303500.0,97.65,100.77,97.42,35131460.0,96.86,98.23,96.65,100.58,03/03/16
357,31384720.0,167.41,171.66,167.28,32644590.0,166.96,168.98,165.93,40613260.0,166.11,169.0,164.56,172.86,02/05/19
358,24129630.0,110.31,111.72,109.7,32361930.0,110.08,110.51,109.46,30790930.0,108.53,110.25,108.11,109.88,11/09/16
359,25338630.0,200.81,201.4,198.41,17265520.0,203.35,205.08,202.9,11362050.0,203.28,204.44,202.69,199.2,07/09/19
360,22355140.0,141.5,141.74,140.35,20299310.0,141.26,141.58,140.61,25804820.0,139.85,141.6,139.76,139.39,03/27/17
361,22395560.0,263.75,264.88,262.1,25817590.0,261.13,264.78,261.07,21847230.0,261.55,262.79,260.92,263.68,11/15/19
362,19578920.0,139.25,139.36,138.64,22117750.0,138.74,138.79,137.05,18695500.0,138.95,139.8,138.82,138.85,03/13/17
363,16216800.0,154.01,155.09,153.91,18631540.0,154.26,154.45,152.72,26204670.0,153.21,154.13,152.0,153.63,10/04/17
364,32042290.0,95.94,96.29,95.25,29124140.0,96.25,96.89,95.35,35407050.0,94.94,96.35,94.68,92.91,06/24/16
365,19576480.0,143.72,144.27,143.01,21189000.0,144.19,144.5,143.5,29174040.0,143.68,144.49,143.19,143.71,04/03/17
366,42250480.0,107.83,108.76,107.07,26645130.0,107.9,108.3,107.51,26393770.0,107.7,108.0,106.82,107.25,09/08/16
367,22367480.0,237.52,240.99,237.32,24377170.0,234.59,237.58,234.29,17272900.0,235.09,236.15,233.52,241.16,10/22/19
368,52979780.0,103.91,105.3,103.91,27997990.0,105.0,105.65,104.51,33655810.0,105.01,106.48,104.62,96.0,04/27/16
369,33408050.0,207.03,208.74,205.48,62317430.0,200.58,208.38,200.35,67812280.0,199.13,201.76,197.31,208.0,08/06/18
370,33538550.0,185.14,186.33,183.45,18458410.0,187.88,189.22,187.2,61438290.0,190.03,190.16,188.26,186.35,06/20/18
371,33490630.0,101.41,102.24,100.15,27148530.0,101.31,101.58,100.27,31538710.0,100.78,101.76,100.4,102.24,03/11/16
372,28487570.0,97.79,98.27,97.45,40170200.0,97.6,97.84,96.63,29139100.0,99.02,99.54,98.33,97.99,06/06/16
373,40113790.0,172.36,174.82,171.77,50908540.0,169.79,173.09,169.0,40382890.0,163.05,167.54,162.88,172.05,02/20/18
374,28106110.0,375.41,378.62,372.23,29663910.0,370.0,375.78,369.87,28510370.0,367.85,370.47,363.64,376.72,07/08/20
375,42621540.0,307.24,310.43,306.2,33090950.0,297.16,304.44,297.16,27877660.0,299.84,300.9,297.48,310.6,01/10/20
376,25879680.0,97.41,97.67,96.84,24129530.0,97.17,97.7,97.12,23317990.0,96.75,97.65,96.73,97.39,07/14/16
377,73991000.0,112.21,114.3,111.87,63712340.0,115.66,116.49,113.72,37080720.0,116.25,116.54,115.44,113.67,09/21/15
378,39914850.0,156.25,158.13,154.11,26147280.0,155.79,156.33,153.66,33508960.0,155.48,158.13,154.32,163.25,01/30/19
379,23639070.0,186.78,187.07,185.1,20393070.0,189.01,189.53,187.86,26167950.0,189.49,190.06,187.45,186.07,05/16/18
380,23046560.0,154.15,155.14,151.7,30273990.0,156.41,156.73,152.62,33259460.0,157.5,157.88,155.98,154.11,01/24/19
381,21070330.0,198.43,199.26,195.29,18220420.0,198.54,200.16,198.17,47800590.0,198.8,200.85,198.15,197.77,06/26/19
382,48706170.0,178.54,179.78,172.66,37568080.0,179.26,180.62,178.05,38885510.0,179.1,180.48,178.16,172.8,03/02/18
383,19932550.0,242.1,243.24,241.22,22684000.0,241.16,242.2,239.62,22367480.0,237.52,240.99,237.32,244.51,10/24/19
384,33259460.0,157.5,157.88,155.98,29616190.0,154.2,157.66,153.26,30483120.0,153.08,155.88,153.0,156.41,01/22/19
385,33090950.0,297.16,304.44,297.16,27877660.0,299.84,300.9,297.48,29644640.0,293.79,299.96,292.75,307.24,01/09/20
386,24817940.0,105.8,106.5,105.5,24900130.0,106.62,107.44,106.29,27744300.0,107.41,107.95,106.31,105.66,08/31/16
387,25396100.0,208.0,209.25,207.07,33408050.0,207.03,208.74,205.48,62317430.0,200.58,208.38,200.35,209.32,08/07/18
388,73006780.0,132.85,132.92,130.32,55204920.0,130.97,132.97,130.7,45970470.0,129.08,129.62,128.31,121.99,07/22/15
389,27876220.0,316.68,319.52,316.2,25432390.0,315.03,318.52,313.01,33843130.0,313.17,316.5,310.32,318.66,05/21/20
390,33009110.0,121.11,121.81,120.62,39483400.0,121.85,122.69,120.18,44829060.0,123.13,123.82,121.62,120.96,11/09/15
391,96531890.0,107.09,109.89,105.05,102731700.0,111.11,111.11,103.5,161882500.0,94.87,108.8,92.0,112.23,08/27/15
392,23451420.0,174.87,175.42,173.25,27393660.0,175.03,175.39,174.09,29385650.0,174.88,177.2,174.86,174.17,12/21/17
393,33935720.0,208.76,210.16,207.31,21673390.0,208.46,210.64,208.44,17618870.0,207.48,209.73,207.14,216.42,07/31/19
394,32395870.0,177.3,179.44,176.82,27052000.0,177.3,177.78,176.6,31306390.0,178.61,179.58,177.41,177.25,01/24/18
395,25400540.0,170.16,172.3,169.26,25938760.0,170.52,170.59,169.22,16412270.0,171.0,171.85,170.48,172.53,01/03/18
396,35951900.0,113.85,113.99,112.44,34494150.0,113.05,114.12,112.51,46937190.0,115.19,116.18,113.25,114.35,09/22/16
397,35055820.0,360.08,365.98,360.0,32661520.0,353.25,362.17,351.28,51314210.0,364.41,365.32,353.02,365.12,07/01/20
398,21555370.0,138.78,139.83,138.59,26170690.0,140.0,140.28,138.76,36362440.0,137.89,140.15,137.6,139.37,03/06/17
399,18457720.0,216.6,216.9,215.11,18505780.0,214.65,217.05,214.6,18965930.0,214.1,216.36,213.84,217.15,08/27/18
400,38681170.0,215.83,223.25,214.7,28751540.0,219.79,223.36,218.94,32874330.0,218.06,221.26,217.43,222.6,10/24/18
401,34324350.0,112.31,114.7,112.31,27049830.0,110.86,112.43,110.6,29976030.0,109.26,111.19,109.16,113.29,12/12/16
402,20929310.0,205.79,206.5,202.36,18582160.0,204.0,205.88,203.7,14107450.0,204.05,205.09,203.27,203.65,07/22/19
403,48748670.0,280.0,288.25,278.05,32755730.0,268.31,273.7,265.83,40529120.0,268.7,270.07,264.7,282.4,04/15/20
404,69032740.0,282.23,282.65,278.56,24626950.0,279.5,281.18,278.95,29024690.0,279.8,281.9,279.12,280.53,12/23/19
405,38190550.0,315.36,319.75,314.61,20028450.0,324.74,325.98,322.85,23686890.0,324.19,326.22,323.35,320.0,02/19/20
406,55622370.0,93.79,94.52,92.39,133059000.0,96.04,96.63,93.34,71937310.0,99.93,100.88,98.07,94.79,01/29/16
407,31538710.0,100.78,101.76,100.4,35890740.0,102.39,102.83,100.96,46026600.0,102.37,103.75,101.37,101.31,03/09/16
408,33570380.0,123.38,123.91,122.55,44371580.0,123.09,123.61,122.12,42090320.0,125.32,125.74,123.9,123.15,07/29/15
409,41662940.0,347.9,354.77,346.09,36928090.0,332.14,345.61,332.01,23913630.0,330.25,333.6,327.32,349.31,06/11/20
410,42747950.0,117.33,119.35,117.12,32445680.0,119.27,119.73,117.34,34135230.0,119.2,119.92,118.85,119.21,11/25/15
411,31203580.0,275.87,281.75,274.87,29264340.0,273.61,277.9,272.2,45247890.0,276.28,277.25,265.43,277.2,04/24/20
412,26296260.0,108.23,108.94,108.01,28010430.0,107.52,108.37,107.16,39546610.0,106.27,107.65,106.18,108.71,08/10/16
413,22342650.0,172.54,173.47,172.08,29461040.0,172.53,174.55,171.96,25400540.0,170.16,172.3,169.26,173.44,01/05/18
414,25897340.0,207.86,208.55,203.53,26066130.0,205.86,207.19,205.06,46882840.0,209.43,212.05,201.0,204.1,08/28/19
415,28507780.0,110.78,112.03,110.07,27054320.0,111.43,112.47,111.39,11475920.0,111.13,111.87,110.95,111.6,11/30/16
416,20544600.0,177.81,178.82,176.88,26575010.0,176.49,178.94,176.41,21561320.0,175.03,176.19,174.83,174.95,04/19/18
417,45970470.0,129.08,129.62,128.31,35987630.0,127.74,128.57,127.35,33559770.0,125.72,127.15,125.58,130.97,07/20/15
418,63712340.0,115.66,116.49,113.72,37080720.0,116.25,116.54,115.44,43218350.0,115.93,116.53,114.42,112.21,09/18/15
419,26204670.0,153.21,154.13,152.0,21983410.0,153.89,154.28,152.7,25402270.0,153.8,154.72,153.54,154.26,10/02/17
420,35474680.0,170.4,171.92,169.02,45968040.0,171.66,171.79,167.0,61759000.0,165.0,170.09,163.33,170.49,12/13/18
421,34394830.0,105.52,106.47,104.96,38236730.0,104.61,106.31,104.59,40026250.0,103.96,105.18,103.85,106.34,03/18/16
422,37425640.0,167.88,168.94,164.47,38116290.0,167.81,171.75,166.9,41464880.0,167.25,170.02,165.19,167.64,04/03/18
423,62800770.0,110.27,113.28,109.9,84757780.0,113.76,114.02,109.77,54507300.0,111.65,112.56,110.32,111.79,09/11/15
424,40122100.0,173.63,174.17,172.46,20442740.0,172.4,173.13,171.65,23402510.0,172.5,173.54,172.0,174.88,12/18/17
425,46937190.0,115.19,116.18,113.25,79763890.0,115.12,116.13,114.04,90398170.0,113.86,115.73,113.49,113.05,09/20/16
426,24336440.0,114.31,114.56,113.51,28508710.0,113.7,114.34,113.13,21400410.0,113.4,113.66,112.69,115.02,10/10/16
427,22052920.0,144.49,146.11,143.16,24725210.0,145.01,146.16,143.62,25674500.0,147.17,148.28,145.38,144.71,06/29/17
428,18383080.0,188.0,189.27,186.91,18083080.0,187.19,187.81,186.13,17014490.0,188.0,188.91,186.36,188.38,05/22/18
429,33391990.0,289.17,293.69,286.32,60154180.0,286.25,299.0,285.85,45765970.0,289.96,294.53,288.35,295.06,05/05/20
430,16243080.0,155.81,156.73,155.49,17223790.0,154.97,155.49,154.56,21215870.0,154.18,155.44,154.05,156.06,10/10/17
431,25247630.0,289.93,293.68,289.52,36059610.0,289.46,292.69,285.22,36592940.0,291.12,293.97,288.12,296.24,01/02/20
432,24592460.0,207.36,209.1,206.67,23389530.0,207.28,209.78,207.2,22493750.0,206.05,207.81,204.52,207.7,08/13/18
433,23686890.0,324.19,326.22,323.35,28432570.0,321.47,327.22,321.47,23580780.0,323.6,323.9,318.71,324.74,02/14/20
434,19782170.0,160.43,160.74,158.55,19376940.0,159.07,160.47,158.88,21564890.0,158.23,160.0,158.02,159.65,08/25/17
435,26892850.0,153.38,153.98,152.63,33520150.0,151.27,153.34,151.13,50674280.0,153.6,154.57,149.71,154.0,05/22/17
436,35626020.0,117.88,118.17,117.13,35041820.0,116.79,117.44,115.72,37512930.0,117.35,117.98,116.75,117.33,10/17/16
437,30386830.0,112.73,112.75,111.44,52720620.0,110.0,112.28,109.49,61747260.0,110.19,110.19,108.21,110.82,10/13/15
438,32728460.0,107.4,107.72,106.45,47507230.0,107.28,107.37,105.57,96197190.0,108.91,109.52,105.81,107.27,12/23/15
439,18463850.0,206.83,207.76,205.12,17427570.0,207.36,208.48,207.05,23286380.0,204.43,207.75,203.9,204.9,04/26/19
440,21158140.0,217.73,220.13,217.56,39763300.0,220.0,220.79,217.02,32226670.0,224.8,226.42,222.86,219.96,09/17/19
441,41976500.0,162.13,167.26,161.84,35617230.0,164.0,164.33,160.63,27850370.0,164.12,165.73,163.37,166.41,05/01/18
442,32503750.0,277.95,281.68,276.85,53812480.0,284.69,286.95,276.86,39281290.0,287.38,288.2,282.35,276.28,04/21/20
443,45713690.0,219.19,219.69,206.09,47191700.0,215.9,220.19,212.67,29027340.0,217.71,221.38,216.75,211.15,10/30/18
444,37781330.0,249.54,255.93,249.16,34790520.0,247.24,249.17,237.26,31130520.0,244.76,245.3,241.21,257.33,11/04/19
445,37034520.0,110.37,110.94,109.03,36151450.0,111.6,112.2,110.27,28507780.0,110.78,112.03,110.07,109.17,12/02/16
446,46882840.0,209.43,212.05,201.0,22267820.0,213.19,214.44,210.75,21564750.0,212.99,213.65,211.6,205.86,08/26/19
447,20088940.0,153.63,153.86,152.46,16216800.0,154.01,155.09,153.91,18631540.0,154.26,154.45,152.72,154.18,10/05/17
448,35421310.0,145.13,147.16,145.11,19082170.0,145.77,146.7,145.12,21247590.0,145.52,146.07,144.61,147.17,06/26/17
449,28449940.0,150.27,153.39,150.05,32018540.0,150.85,151.27,149.22,26924630.0,152.88,153.7,151.51,153.08,01/16/19
450,25817590.0,261.13,264.78,261.07,21847230.0,261.55,262.79,260.92,20507460.0,258.3,262.47,258.28,263.75,11/14/19
451,45034370.0,151.29,154.53,149.63,40622910.0,149.56,151.82,148.52,54571440.0,148.7,148.83,145.9,152.5,01/10/19
452,22267820.0,213.19,214.44,210.75,21564750.0,212.99,213.65,211.6,26919530.0,210.88,213.35,210.32,209.43,08/23/19
453,24900130.0,106.62,107.44,106.29,27744300.0,107.41,107.95,106.31,25001730.0,107.39,107.88,106.68,105.8,08/30/16
454,64827330.0,209.88,215.31,209.23,45751160.0,203.06,203.4,199.11,22010360.0,204.4,205.97,203.86,209.84,05/02/19
455,39992120.0,222.6,224.23,214.54,38681170.0,215.83,223.25,214.7,28751540.0,219.79,223.36,218.94,217.71,10/25/18
456,42288790.0,95.92,96.35,94.1,44282560.0,94.29,95.94,93.93,53920550.0,93.13,95.7,93.04,93.79,02/11/16
457,17427570.0,207.36,208.48,207.05,23286380.0,204.43,207.75,203.9,17841920.0,202.83,204.94,202.34,206.83,04/25/19
458,50264540.0,143.78,144.5,142.2,31642900.0,143.32,144.48,142.21,31454590.0,147.5,147.5,143.84,143.66,06/19/17
459,33671250.0,127.98,129.39,127.78,111837300.0,127.03,130.49,127.01,47767760.0,121.15,121.39,120.62,128.31,02/03/17
460,36884490.0,100.58,101.71,100.45,33136130.0,100.51,100.89,99.64,50303500.0,97.65,100.77,97.42,102.37,03/04/16
461,21584720.0,191.55,191.57,190.22,21480120.0,192.42,192.88,190.44,16859020.0,191.39,192.61,191.15,190.03,06/15/18
462,44284660.0,116.47,116.5,115.65,46286150.0,115.38,116.73,115.23,33962370.0,115.04,116.2,114.98,115.8,12/19/16
463,25676720.0,139.41,140.75,139.03,15281850.0,139.3,139.65,138.84,17048800.0,138.85,139.43,138.82,140.72,03/16/17
464,51368540.0,177.25,177.3,173.2,32395870.0,177.3,179.44,176.82,27052000.0,177.3,177.78,176.6,174.51,01/25/18
465,41464880.0,167.25,170.02,165.19,39824200.0,173.68,175.15,166.92,36778560.0,168.07,173.1,166.44,167.81,03/29/18
466,39494770.0,220.42,222.88,216.84,52902320.0,214.52,219.5,212.32,41084070.0,225.46,226.35,216.05,221.16,10/15/18
467,44662320.0,174.24,174.95,170.26,23623970.0,174.94,176.6,172.1,31096240.0,179.73,180.27,176.55,171.51,11/27/18
468,19354440.0,106.0,106.19,105.06,25568350.0,105.47,106.25,104.89,25686350.0,106.48,107.07,105.9,104.89,03/29/16
469,35987630.0,127.74,128.57,127.35,33559770.0,125.72,127.15,125.58,31695870.0,126.04,126.37,125.04,129.08,07/17/15
470,19723390.0,268.81,271.1,268.5,22632380.0,268.6,270.07,265.86,32182650.0,270.0,270.8,264.91,267.78,12/12/19
471,30031410.0,98.92,99.3,98.5,38885980.0,97.39,98.99,97.32,25879680.0,97.41,97.67,96.84,98.7,07/18/16
472,80151380.0,281.1,286.0,272.96,49678430.0,286.53,297.88,286.5,57668360.0,300.95,302.53,286.13,257.26,02/28/20
473,46810020.0,115.19,115.39,112.85,29158640.0,116.04,116.94,115.51,46301930.0,117.64,117.69,115.08,112.18,12/14/15
474,39281290.0,287.38,288.2,282.35,32788640.0,282.4,286.33,280.63,48748670.0,280.0,288.25,278.05,284.69,04/17/20
475,39461130.0,142.11,142.8,139.73,21258100.0,140.4,141.5,140.23,43700570.0,141.0,141.0,139.89,139.85,03/22/17
476,33911860.0,296.24,300.6,295.19,25247630.0,289.93,293.68,289.52,36059610.0,289.46,292.69,285.22,297.15,01/03/20
477,46271660.0,188.39,191.97,186.9,60547340.0,193.9,194.48,185.93,46725710.0,191.63,197.18,191.45,190.5,11/16/18
478,33113340.0,170.8,171.47,169.68,16339690.0,174.68,175.42,174.5,20848660.0,174.17,176.02,174.1,170.1,12/27/17
479,23243160.0,193.25,196.5,193.15,22727370.0,191.09,194.46,191.05,27308200.0,191.64,191.68,188.38,194.79,04/04/19
480,38016810.0,216.88,220.45,216.62,36487930.0,211.15,215.18,209.27,45713690.0,219.19,219.69,206.09,219.05,11/01/18
481,23687350.0,120.0,120.5,119.71,34412090.0,118.34,120.24,118.22,26083030.0,119.11,119.62,118.81,119.4,01/19/17
482,20046250.0,132.46,132.94,132.05,28321440.0,131.65,132.45,131.12,22941650.0,131.35,132.22,131.22,133.08,02/13/17
483,13954810.0,187.79,187.95,183.54,17675210.0,183.82,187.3,183.42,22551660.0,186.29,187.19,182.91,185.26,07/05/18
484,29663910.0,370.0,375.78,369.87,28510370.0,367.85,370.47,363.64,27684310.0,365.12,367.36,363.91,375.41,07/07/20
485,25568350.0,105.47,106.25,104.89,25686350.0,106.48,107.07,105.9,32345430.0,105.25,107.29,105.21,106.0,03/28/16
486,33520150.0,151.27,153.34,151.13,50674280.0,153.6,154.57,149.71,19994270.0,155.94,156.06,154.72,153.38,05/19/17
487,16564340.0,164.8,164.94,163.63,26729940.0,163.64,164.52,163.48,27215770.0,163.8,163.89,162.61,163.75,09/05/17
488,21918340.0,109.23,109.6,109.02,25328680.0,109.1,109.37,108.34,33754680.0,109.63,110.23,109.21,108.77,08/19/16
489,30352690.0,218.43,220.96,215.13,35767260.0,223.06,223.58,217.93,36187160.0,225.07,228.22,224.2,225.64,10/04/19
490,32389280.0,217.86,219.74,213.0,22692880.0,222.3,222.64,219.34,28802550.0,218.93,222.99,216.76,218.06,10/19/18
491,80605870.0,241.95,259.08,240.0,92683030.0,264.89,279.92,252.95,104618500.0,255.94,270.0,248.0,247.51,03/17/20
492,22858840.0,173.41,175.0,173.04,22401040.0,172.23,173.92,171.7,28567110.0,173.0,174.0,171.53,174.78,04/13/18
493,41740600.0,157.5,158.52,154.55,51608850.0,155.84,156.77,150.07,58133850.0,148.3,157.23,146.72,158.53,12/31/18
494,36487930.0,211.15,215.18,209.27,45713690.0,219.19,219.69,206.09,47191700.0,215.9,220.19,212.67,216.88,10/31/18
495,75900510.0,250.75,258.25,244.3,71882770.0,236.36,247.69,234.3,84188210.0,228.08,228.5,212.61,246.52,03/26/20
496,59029400.0,116.9,118.07,116.06,33829290.0,120.96,121.81,120.05,33009110.0,121.11,121.81,120.62,116.37,11/11/15
497,52955310.0,107.25,107.27,105.24,42250480.0,107.83,108.76,107.07,26645130.0,107.9,108.3,107.51,104.64,09/09/16
498,38399530.0,319.25,321.15,316.47,33449100.0,316.77,323.44,315.63,28236270.0,316.14,318.71,313.09,317.75,06/01/20
499,27363960.0,228.41,229.18,226.63,43177540.0,226.51,228.87,226.0,48696960.0,223.25,228.26,222.4,228.99,09/05/18
500,34260230.0,176.15,179.25,175.07,29512410.0,177.9,179.39,176.14,25302200.0,176.18,177.36,175.65,179.37,01/18/18
501,31506890.0,160.5,162.05,159.89,28411740.0,160.86,161.15,158.53,21905160.0,162.09,162.24,160.36,162.61,09/12/17
502,42009830.0,94.16,95.21,93.89,46858910.0,94.55,94.7,93.01,61192340.0,92.39,94.39,91.65,94.64,05/19/16
503,42832890.0,122.6,122.64,120.91,33400950.0,122.32,122.57,121.71,36912040.0,123.15,123.5,122.27,121.5,08/03/15
504,18220420.0,198.54,200.16,198.17,47800590.0,198.8,200.85,198.15,21513990.0,200.37,200.61,198.03,198.43,06/25/19
505,28567110.0,173.0,174.0,171.53,28976200.0,169.88,173.09,169.85,34949690.0,170.97,172.48,168.2,172.23,04/11/18
506,28784550.0,222.21,224.8,220.2,33507770.0,227.96,228.41,220.58,31961120.0,230.78,232.35,226.73,223.64,10/09/18
507,27756760.0,115.8,117.38,115.75,44284660.0,116.47,116.5,115.65,46286150.0,115.38,116.73,115.23,116.74,12/20/16
508,50415610.0,349.31,351.06,335.48,41662940.0,347.9,354.77,346.09,36928090.0,332.14,345.61,332.01,344.72,06/12/20
509,17675210.0,183.82,187.3,183.42,22551660.0,186.29,187.19,182.91,17352380.0,184.1,186.21,183.8,187.79,07/03/18
510,114436300.0,96.0,98.71,95.68,52979780.0,103.91,105.3,103.91,27997990.0,105.0,105.65,104.51,97.61,04/28/16
511,90398170.0,113.86,115.73,113.49,111186900.0,108.73,113.03,108.6,62080160.0,107.51,108.79,107.24,115.12,09/16/16
512,51314210.0,364.41,365.32,353.02,34380630.0,360.7,365.0,357.57,48155850.0,365.0,368.79,358.52,353.25,06/29/20
513,36810120.0,222.15,222.95,217.27,31801970.0,225.75,226.84,222.52,41411350.0,223.52,228.35,222.57,217.79,09/18/18
514,46559730.0,115.76,117.49,115.5,27584020.0,114.92,115.05,113.32,37979570.0,111.38,114.24,111.0,117.64,11/19/15
515,27715140.0,153.58,155.45,152.89,16383610.0,153.17,153.33,152.22,24452750.0,153.97,154.17,152.38,154.34,06/05/17
516,46301930.0,117.64,117.69,115.08,34275420.0,117.52,118.6,116.86,32063100.0,118.98,119.86,117.81,116.04,12/10/15
517,30521720.0,311.64,317.07,311.15,35217270.0,310.6,312.67,308.25,42621540.0,307.24,310.43,306.2,316.7,01/14/20
518,25289270.0,209.98,210.12,206.75,33291640.0,205.97,210.06,204.13,31774720.0,201.92,204.72,201.69,205.55,11/09/18
519,38018910.0,104.41,106.15,104.41,27697970.0,104.19,104.55,103.68,38771840.0,102.83,104.45,102.82,106.05,08/02/16
520,18386470.0,219.96,220.82,219.12,21158140.0,217.73,220.13,217.56,39763300.0,220.0,220.79,217.02,221.06,09/18/19
521,28641180.0,93.48,93.57,92.46,33653020.0,93.33,93.57,92.11,32895650.0,93.0,93.77,92.59,92.72,05/12/16
522,33772050.0,173.67,175.65,173.54,30953760.0,171.8,173.95,171.71,37378070.0,172.83,174.12,171.01,176.35,02/26/18
523,46026600.0,102.37,103.75,101.37,36884490.0,100.58,101.71,100.45,33136130.0,100.51,100.89,99.64,102.39,03/07/16
524,16380570.0,156.35,157.37,155.73,16861450.0,155.97,156.98,155.75,15603520.0,156.06,158.0,155.1,156.73,10/13/17
525,32340620.0,107.88,108.0,106.23,60784920.0,108.89,108.95,106.94,46873670.0,112.11,112.3,109.73,106.64,04/20/16
526,22526310.0,183.08,185.47,182.15,29773430.0,184.28,184.99,181.14,30967960.0,175.44,179.83,174.52,186.51,06/07/19
527,33690660.0,172.05,174.26,171.42,40113790.0,172.36,174.82,171.77,50908540.0,169.79,173.09,169.0,172.83,02/21/18
528,16553500.0,193.06,194.85,192.43,18680930.0,192.45,193.66,192.05,15955820.0,190.68,191.96,189.56,194.61,07/26/18
529,27420550.0,111.36,111.51,110.33,25931710.0,111.95,112.42,111.4,29164190.0,110.12,111.99,110.01,111.13,11/25/16
530,17775510.0,141.91,142.38,141.05,20320420.0,141.6,142.15,141.01,30341520.0,142.94,143.35,140.06,141.48,04/17/17
531,29729270.0,223.82,226.44,223.54,23430370.0,221.0,223.75,219.76,22811140.0,219.75,222.82,219.7,224.79,09/28/18
532,36299460.0,99.44,100.47,99.25,56293490.0,99.68,100.73,98.64,38258300.0,98.67,99.74,98.11,99.6,05/31/16
533,52902320.0,214.52,219.5,212.32,41084070.0,225.46,226.35,216.05,26656630.0,223.64,227.27,222.25,220.42,10/12/18
534,46575410.0,152.02,152.27,150.56,37350060.0,155.8,155.8,152.75,52126240.0,157.9,158.26,153.83,149.99,09/25/17
535,25704330.0,108.14,109.54,108.08,18648700.0,107.78,108.44,107.78,27460070.0,108.52,108.93,107.85,109.63,08/16/16
536,27997990.0,105.0,105.65,104.51,33655810.0,105.01,106.48,104.62,31416910.0,106.93,106.93,105.52,103.91,04/26/16
537,23623970.0,174.94,176.6,172.1,31096240.0,179.73,180.27,176.55,67678680.0,178.37,181.47,175.51,174.24,11/26/18
538,15957630.0,204.1,205.72,203.32,25897340.0,207.86,208.55,203.53,26066130.0,205.86,207.19,205.06,208.5,08/29/19
539,36529740.0,179.8,180.54,177.81,29748560.0,184.66,185.71,182.55,28364850.0,185.22,188.0,184.7,180.2,05/24/19
540,22930630.0,154.0,154.58,152.91,26892850.0,153.38,153.98,152.63,33520150.0,151.27,153.34,151.13,154.9,05/23/17
541,21329170.0,194.14,194.2,192.34,20912820.0,193.63,194.08,191.92,21535570.0,193.07,193.94,192.36,191.17,06/08/18
542,40026250.0,103.96,105.18,103.85,25058280.0,101.91,102.91,101.78,27368840.0,102.24,102.28,101.5,104.61,03/16/16
543,21337310.0,116.74,117.5,116.68,27756760.0,115.8,117.38,115.75,44284660.0,116.47,116.5,115.65,116.8,12/21/16
544,32063100.0,118.98,119.86,117.81,57717870.0,115.29,119.25,115.11,41511380.0,116.55,116.79,114.22,117.52,12/08/15
545,32345430.0,105.25,107.29,105.21,35454230.0,105.93,107.65,105.14,43607120.0,106.34,106.5,105.19,106.48,03/23/16
546,29334630.0,180.32,180.52,177.81,31464170.0,182.59,183.5,179.24,32191070.0,180.29,182.39,180.21,178.5,03/15/18
547,44811800.0,96.67,98.21,96.15,48032600.0,95.02,96.85,94.61,40323020.0,94.19,94.5,93.01,98.84,02/18/16
548,38771840.0,102.83,104.45,102.82,92143920.0,104.27,104.35,102.75,53454620.0,96.82,97.97,96.42,104.19,07/29/16
549,45555300.0,115.2,115.57,112.27,32461350.0,116.26,116.82,115.65,45179400.0,116.37,117.42,115.21,111.38,11/16/15
550,28877500.0,96.49,96.89,96.05,24460850.0,95.7,96.5,95.62,30877540.0,94.6,95.66,94.37,96.75,07/11/16
551,51861990.0,113.85,114.57,112.44,56005550.0,116.44,116.69,114.02,50061580.0,113.25,115.5,112.37,112.83,09/29/15
552,161882500.0,94.87,108.8,92.0,127246600.0,110.43,111.9,105.65,68176940.0,114.08,114.35,111.63,111.11,08/25/15
553,34499390.0,158.53,159.36,156.48,41740600.0,157.5,158.52,154.55,51608850.0,155.84,156.77,150.07,154.89,01/02/19
554,53038870.0,364.0,372.38,362.27,33861320.0,351.34,359.46,351.15,66118950.0,354.64,356.56,345.15,365.0,06/24/20
555,39732270.0,304.51,309.79,301.53,50155640.0,312.15,315.95,303.21,40575260.0,317.83,319.69,310.91,300.35,05/15/20
556,36127490.0,158.6,161.83,158.27,21827400.0,157.06,158.92,156.67,20514810.0,156.07,157.4,155.69,159.26,08/09/17
557,32931110.0,177.32,177.47,173.66,38313330.0,178.65,179.12,177.62,22676520.0,178.5,180.24,178.07,175.24,03/20/18
558,26219110.0,100.0,100.46,99.74,23766360.0,99.56,100.0,99.34,36464530.0,98.7,100.13,98.6,99.83,07/21/16
559,20940020.0,171.05,171.21,169.25,23793830.0,168.99,170.66,168.42,31644240.0,172.4,173.94,170.34,170.1,02/12/19
560,57717870.0,115.29,119.25,115.11,41511380.0,116.55,116.79,114.22,33316990.0,117.05,118.11,116.08,118.98,12/07/15
561,23040480.0,236.39,237.65,234.88,24413480.0,234.9,238.13,234.67,41990210.0,232.95,237.64,232.31,233.37,10/16/19
562,34135230.0,119.2,119.92,118.85,43233950.0,117.64,119.75,116.76,46559730.0,115.76,117.49,115.5,119.27,11/23/15
563,53920550.0,93.13,95.7,93.04,46315620.0,96.52,96.92,93.69,46418230.0,95.86,97.33,95.19,94.29,02/09/16
564,26060430.0,159.26,161.27,159.11,36127490.0,158.6,161.83,158.27,21827400.0,157.06,158.92,156.67,159.9,08/10/17
565,41357180.0,351.46,353.2,344.72,34702230.0,333.25,345.68,332.58,50036510.0,344.72,347.8,334.22,355.15,06/17/20
566,22115100.0,115.92,116.86,115.81,21081620.0,115.85,116.51,115.75,28769220.0,115.8,116.33,114.76,116.78,01/06/17
567,35850220.0,94.0,94.07,92.68,40984160.0,95.2,95.9,93.82,56770080.0,94.2,95.74,93.68,93.37,05/06/16
568,28364850.0,185.22,188.0,184.7,38612290.0,183.52,184.35,180.28,32879090.0,186.93,190.9,186.76,184.66,05/22/19
569,33843130.0,313.17,316.5,310.32,41587090.0,300.35,307.9,300.21,39732270.0,304.51,309.79,301.53,315.03,05/19/20
570,58133850.0,148.3,157.23,146.72,37169230.0,148.15,151.55,146.59,95497900.0,156.86,158.16,149.63,155.84,12/27/18
571,91046560.0,209.55,213.65,205.43,52954070.0,219.05,222.36,216.81,38016810.0,216.88,220.45,216.62,204.3,11/05/18
572,21634520.0,112.71,113.05,112.28,36340670.0,112.46,113.37,111.8,35850010.0,113.16,113.8,111.8,113.06,10/04/16
573,22117750.0,138.74,138.79,137.05,18695500.0,138.95,139.8,138.82,17439210.0,139.06,139.98,138.79,139.25,03/10/17
574,22409110.0,187.6,188.75,186.87,17186760.0,188.23,189.65,187.65,23129400.0,188.77,188.84,186.21,187.72,05/30/18
575,55548830.0,297.26,304.18,289.23,32426420.0,318.62,320.45,310.5,25141490.0,322.63,324.65,318.21,300.95,02/25/20
576,50455070.0,250.9,263.11,249.38,32470020.0,242.8,245.7,238.97,41483490.0,240.34,245.15,236.9,270.8,04/07/20
577,31440300.0,188.35,188.99,185.92,26148590.0,185.8,188.39,185.79,39017490.0,184.85,187.33,183.74,186.23,03/20/19
578,21513990.0,200.37,200.61,198.03,21124240.0,199.68,199.88,197.31,26551000.0,196.05,200.29,195.21,198.8,06/21/19
579,64678220.0,112.18,112.68,109.79,46810020.0,115.19,115.39,112.85,29158640.0,116.04,116.94,115.51,111.94,12/15/15
580,31801970.0,225.75,226.84,222.52,41411350.0,223.52,228.35,222.57,49118510.0,224.94,225.0,219.84,222.15,09/17/18
581,45870130.0,95.0,96.84,94.08,37190500.0,95.42,96.04,94.28,40814360.0,96.47,96.71,95.4,95.86,02/04/16
582,50832950.0,126.2,127.09,125.06,115288400.0,121.99,125.5,121.99,73006780.0,132.85,132.92,130.32,125.32,07/24/15
583,32443110.0,204.29,208.84,203.5,20892380.0,210.89,211.84,210.23,31996320.0,209.84,212.65,208.13,205.88,05/07/19
584,34806250.0,118.75,118.81,116.86,38063130.0,117.99,119.41,117.75,13046450.0,118.29,118.41,117.6,117.05,12/02/15
585,16956290.0,173.5,174.5,173.4,25129510.0,175.11,175.38,174.27,29422610.0,175.11,176.1,173.14,173.04,11/14/17
586,63140170.0,246.52,258.68,246.36,75900510.0,250.75,258.25,244.3,71882770.0,236.36,247.69,234.3,252.75,03/27/20
587,25093670.0,263.68,265.78,263.01,22395560.0,263.75,264.88,262.1,25817590.0,261.13,264.78,261.07,265.8,11/18/19
588,34437040.0,267.78,272.56,267.32,19723390.0,268.81,271.1,268.5,22632380.0,268.6,270.07,265.86,271.46,12/13/19
589,42268040.0,99.6,100.4,98.82,36299460.0,99.44,100.47,99.25,56293490.0,99.68,100.73,98.64,99.02,06/01/16
590,25649890.0,160.14,162.0,159.93,25184600.0,159.65,160.56,159.27,19782170.0,160.43,160.74,158.55,160.1,08/29/17
591,28204640.0,174.65,175.57,172.85,36054570.0,172.86,175.08,172.35,31384720.0,167.41,171.66,167.28,172.4,02/07/19
592,31110640.0,198.68,199.5,197.05,20899720.0,200.29,201.57,199.57,26067510.0,197.77,200.99,197.35,203.17,07/01/19
593,19201820.0,153.84,154.17,152.67,19906170.0,154.9,154.9,153.31,22930630.0,154.0,154.58,152.91,153.73,05/25/17
594,28540490.0,230.05,233.47,229.78,24435010.0,227.25,230.0,226.63,23171020.0,227.95,229.42,226.35,230.78,10/04/18
595,21144040.0,155.25,155.54,154.4,21017560.0,155.02,155.98,154.48,26591850.0,153.9,155.81,153.78,155.19,06/09/17
596,36362440.0,137.89,140.15,137.6,23446340.0,137.08,137.44,136.7,20222210.0,137.14,137.44,136.28,140.0,03/02/17
597,23495990.0,320.0,324.57,320.0,38190550.0,315.36,319.75,314.61,20028450.0,324.74,325.98,322.85,322.63,02/20/20
598,23317990.0,96.75,97.65,96.73,28877500.0,96.49,96.89,96.05,24460850.0,95.7,96.5,95.62,97.17,07/12/16
599,21081620.0,115.85,116.51,115.75,28769220.0,115.8,116.33,114.76,30555900.0,116.65,117.2,115.43,115.92,01/05/17
600,52960810.0,98.41,98.65,95.5,79356010.0,96.2,97.71,95.36,63000140.0,97.96,100.48,95.74,95.1,01/20/16
601,22684000.0,241.16,242.2,239.62,22367480.0,237.52,240.99,237.32,24377170.0,234.59,237.58,234.29,242.1,10/23/19
602,49696100.0,191.66,192.88,184.58,43751810.0,191.51,191.98,186.6,42287640.0,195.34,197.69,190.78,188.75,03/27/19
603,79763890.0,115.12,116.13,114.04,90398170.0,113.86,115.73,113.49,111186900.0,108.73,113.03,108.6,115.19,09/19/16
604,24413480.0,234.9,238.13,234.67,41990210.0,232.95,237.64,232.31,28962980.0,227.93,230.44,227.3,236.39,10/15/19
605,27553750.0,95.39,95.4,94.46,25982080.0,95.49,96.47,95.33,35783320.0,94.44,95.77,94.3,94.6,07/06/16
606,34581850.0,164.88,172.01,164.77,30237640.0,167.64,168.75,164.88,37425640.0,167.88,168.94,164.47,172.58,04/05/18
607,47800590.0,198.8,200.85,198.15,21513990.0,200.37,200.61,198.03,21124240.0,199.68,199.88,197.31,198.54,06/24/19
608,30889270.0,226.27,229.93,225.84,34755550.0,225.64,227.49,223.89,30352690.0,218.43,220.96,215.13,225.82,10/08/19
609,20191840.0,203.31,204.39,201.71,17897140.0,201.85,203.73,201.56,20578020.0,199.2,201.51,198.81,202.45,07/12/19
610,28432570.0,321.47,327.22,321.47,23580780.0,323.6,323.9,318.71,27337220.0,314.18,321.55,313.85,324.19,02/13/20
611,26148590.0,185.8,188.39,185.79,39017490.0,184.85,187.33,183.74,23527660.0,183.9,184.1,182.56,188.35,03/19/19
612,33364400.0,195.41,199.56,193.82,35824790.0,196.31,198.07,194.04,52392970.0,197.99,198.65,192.58,200.2,08/08/19
613,20710390.0,188.95,189.56,187.53,29771210.0,188.75,189.76,186.55,49696100.0,191.66,192.88,184.58,189.83,03/29/19
614,38426060.0,172.8,176.3,172.45,48706170.0,178.54,179.78,172.66,37568080.0,179.26,180.62,178.05,175.21,03/05/18
615,20670830.0,191.78,192.43,190.17,20182050.0,189.69,192.55,189.69,16365720.0,191.78,191.8,189.93,190.68,07/23/18
616,21162560.0,210.16,210.45,207.2,21007650.0,208.5,209.32,206.66,15957630.0,204.1,205.72,203.32,206.43,09/03/19
617,38794930.0,111.78,112.0,110.53,37622200.0,110.93,112.1,110.49,44434220.0,111.29,111.52,109.56,110.8,10/19/15
618,34770480.0,172.37,174.99,171.72,59332210.0,174.0,174.26,171.12,39668100.0,167.64,168.5,165.28,173.91,11/07/17
619,35661200.0,152.5,153.97,150.86,45034370.0,151.29,154.53,149.63,40622910.0,149.56,151.82,148.52,152.88,01/11/19
620,18653380.0,174.59,175.49,174.49,23751690.0,173.16,174.3,173.0,21532200.0,174.55,175.06,173.41,176.18,01/12/18
621,20679270.0,210.16,210.56,208.26,25864510.0,207.7,210.95,207.7,24592460.0,207.36,209.1,206.67,209.22,08/15/18
622,27825140.0,175.21,177.74,174.52,38426060.0,172.8,176.3,172.45,48706170.0,178.54,179.78,172.66,177.91,03/06/18
623,30555900.0,116.65,117.2,115.43,14979680.0,116.45,117.11,116.4,20686510.0,117.52,118.02,116.2,115.8,01/03/17
624,67812280.0,199.13,201.76,197.31,37847260.0,190.3,192.14,189.34,20912890.0,191.9,192.2,189.07,200.58,08/02/18
625,18083080.0,187.19,187.81,186.13,17014490.0,188.0,188.91,186.36,19046600.0,186.07,188.46,186.0,188.0,05/21/18
626,46717770.0,111.74,111.77,109.41,48702200.0,110.63,111.74,109.77,52033100.0,109.88,111.37,109.07,110.19,10/08/15
627,19238480.0,175.94,176.0,174.54,27413060.0,175.69,177.75,173.97,25737560.0,174.28,175.15,172.89,174.67,03/06/19
628,85349340.0,282.28,301.44,277.72,106721200.0,257.26,278.41,256.37,80151380.0,281.1,286.0,272.96,303.67,03/03/20
629,36387880.0,175.04,175.09,171.26,19620520.0,175.24,176.8,174.94,32931110.0,177.32,177.47,173.66,170.0,03/22/18
630,16331260.0,262.59,263.18,260.84,30348780.0,263.69,264.01,261.18,26609920.0,265.54,266.08,260.4,262.71,11/25/19
631,23839880.0,108.71,108.9,107.76,26296260.0,108.23,108.94,108.01,28010430.0,107.52,108.37,107.16,108.52,08/11/16
632,24431920.0,210.62,212.73,210.03,28813620.0,204.28,207.16,203.84,27883360.0,203.46,205.14,199.67,210.88,08/20/19
633,51467440.0,163.09,163.4,159.07,68171940.0,154.83,163.72,154.0,72215320.0,159.1,163.88,156.0,160.29,02/08/18
634,24487200.0,136.23,136.75,135.98,22163280.0,135.1,135.83,135.1,22539860.0,135.67,135.9,134.84,136.43,02/22/17
635,27817640.0,173.21,175.0,172.73,16991610.0,173.71,175.3,173.17,21846400.0,174.16,175.87,173.95,174.32,02/28/19
636,11362050.0,203.28,204.44,202.69,16935220.0,201.41,203.13,201.36,27316740.0,203.17,204.49,200.65,203.35,07/05/19
637,27236290.0,152.45,154.07,152.31,25779060.0,153.63,153.94,152.11,38907940.0,153.87,154.88,153.45,154.7,05/12/17
638,20400770.0,217.15,218.74,216.33,18457720.0,216.6,216.9,215.11,18505780.0,214.65,217.05,214.6,219.01,08/28/18
639,45941750.0,176.73,181.29,174.93,41156140.0,171.51,174.77,170.88,44662320.0,174.24,174.95,170.26,182.66,11/29/18
640,30790930.0,108.53,110.25,108.11,26538700.0,110.98,111.46,109.55,28174980.0,111.4,112.35,111.23,110.08,11/07/16
641,53075960.0,112.17,113.31,111.54,83825220.0,112.23,113.24,110.02,96531890.0,107.09,109.89,105.05,112.03,08/31/15
642,36464530.0,98.7,100.13,98.6,30031410.0,98.92,99.3,98.5,38885980.0,97.39,98.99,97.32,99.56,07/19/16
643,19690420.0,149.9,150.33,148.13,17192770.0,149.89,150.23,149.19,32429770.0,153.75,153.99,147.3,149.1,08/01/17
644,12506830.0,191.08,191.84,190.9,18000180.0,189.53,191.41,189.31,18776390.0,188.5,189.78,187.61,191.52,07/16/18
645,19362290.0,214.05,214.42,212.51,23946880.0,212.0,213.97,211.51,19216820.0,208.39,209.48,207.32,214.84,09/09/19
646,27368840.0,102.24,102.28,101.5,33490630.0,101.41,102.24,100.15,27148530.0,101.31,101.58,100.27,101.91,03/14/16
647,27607370.0,161.94,162.51,160.15,29377630.0,160.66,162.2,160.14,22074760.0,159.32,160.21,158.75,160.52,08/17/17
648,54851010.0,116.53,119.99,116.53,38610120.0,114.58,116.25,114.5,52828890.0,115.97,116.5,114.12,117.81,08/11/15
649,20848660.0,174.17,176.02,174.1,23451420.0,174.87,175.42,173.25,27393660.0,175.03,175.39,174.09,174.68,12/22/17
650,40827260.0,116.04,117.65,115.5,42876370.0,114.32,116.31,114.01,48407640.0,116.04,116.4,114.54,116.43,08/18/15
651,38763700.0,205.88,207.42,200.83,32443110.0,204.29,208.84,203.5,20892380.0,210.89,211.84,210.23,201.9,05/08/19
652,47539790.0,201.02,212.14,200.83,22481890.0,199.62,202.05,199.15,24619750.0,201.3,202.76,199.29,203.16,08/14/19
653,17154540.0,171.8,172.37,170.3,25323890.0,171.19,173.32,170.99,18958570.0,169.71,171.44,169.49,171.58,02/22/19
654,29027340.0,217.71,221.38,216.75,39992120.0,222.6,224.23,214.54,38681170.0,215.83,223.25,214.7,215.9,10/26/18
655,39735110.0,169.95,171.67,168.5,41484540.0,170.43,172.14,168.44,41459120.0,172.63,172.92,167.16,172.48,12/04/17
656,56293490.0,99.68,100.73,98.64,38258300.0,98.67,99.74,98.11,35074380.0,97.22,98.09,96.84,99.44,05/27/16
657,22187880.0,222.01,223.76,220.37,25643090.0,221.06,222.85,219.44,18386470.0,219.96,220.82,219.12,221.38,09/20/19
658,49250500.0,255.6,262.49,252.0,41994110.0,250.74,255.52,249.4,51054150.0,252.75,255.87,247.05,246.5,04/01/20
659,26604140.0,157.05,157.21,155.02,69726440.0,159.28,159.75,156.16,33669020.0,149.1,150.22,148.41,156.07,08/04/17
660,16861450.0,155.97,156.98,155.75,15603520.0,156.06,158.0,155.1,16243080.0,155.81,156.73,155.49,156.35,10/12/17
661,24110330.0,143.02,143.5,142.41,21550270.0,143.69,144.79,142.72,14277850.0,144.88,145.3,143.1,142.9,07/07/17
662,39668100.0,167.64,168.5,165.28,33482970.0,169.87,169.94,165.61,35779520.0,167.9,169.65,166.94,174.0,11/03/17
663,23285760.0,170.49,171.0,168.82,25656110.0,169.03,170.44,168.91,28397810.0,167.5,170.2,166.46,169.2,12/11/17
664,29422610.0,175.11,176.1,173.14,24358920.0,174.66,176.24,174.33,24332120.0,173.91,175.25,173.6,175.11,11/10/17
665,42223820.0,262.74,267.37,261.23,50721830.0,270.8,271.7,259.0,50455070.0,250.9,263.11,249.38,268.7,04/09/20
666,25554290.0,119.4,120.09,119.37,23687350.0,120.0,120.5,119.71,34412090.0,118.34,120.24,118.22,120.45,01/20/17
667,35738280.0,200.32,202.85,199.23,25829880.0,196.42,200.23,196.34,18473070.0,196.45,197.1,195.93,198.68,04/10/19
668,43751810.0,191.51,191.98,186.6,42287640.0,195.34,197.69,190.78,50943120.0,190.02,196.33,189.81,191.66,03/26/19
669,26645130.0,107.9,108.3,107.51,26393770.0,107.7,108.0,106.82,26675250.0,106.14,106.8,105.62,107.83,09/07/16
670,37977020.0,95.87,97.19,95.67,31834020.0,94.64,95.43,94.52,30417880.0,94.64,94.64,93.57,97.22,05/24/16
671,71574560.0,162.61,163.96,158.77,31506890.0,160.5,162.05,159.89,28411740.0,160.86,161.15,158.53,159.87,09/13/17
672,40290580.0,98.25,98.84,96.92,28218240.0,99.26,99.3,98.31,32690080.0,99.83,101.0,99.13,96.82,07/26/16
673,25111310.0,149.99,150.44,148.88,17170490.0,151.5,151.74,150.19,20859830.0,150.48,151.42,149.95,150.58,07/24/17
674,22986960.0,144.45,144.96,143.78,31450520.0,144.71,145.13,142.28,22052920.0,144.49,146.11,143.16,144.88,07/03/17
675,18904680.0,143.6,143.88,142.9,16658660.0,143.73,144.18,143.27,21131040.0,144.29,144.52,143.45,142.94,04/11/17
676,29922650.0,120.45,120.45,119.73,25554290.0,119.4,120.09,119.37,23687350.0,120.0,120.5,119.71,120.0,01/23/17
677,41994110.0,250.74,255.52,249.4,51054150.0,252.75,255.87,247.05,63140170.0,246.52,258.68,246.36,255.6,03/31/20
678,71937310.0,99.93,100.88,98.07,51529980.0,101.52,101.53,99.21,65648660.0,98.63,101.46,98.37,96.04,01/27/16
679,15603520.0,156.06,158.0,155.1,16243080.0,155.81,156.73,155.49,17223790.0,154.97,155.49,154.56,155.97,10/11/17
680,40170200.0,97.6,97.84,96.63,29139100.0,99.02,99.54,98.33,42268040.0,99.6,100.4,98.82,97.79,06/03/16
681,45114590.0,102.65,105.72,102.53,46461610.0,104.64,105.72,103.13,52955310.0,107.25,107.27,105.24,107.51,09/13/16
682,18969700.0,159.78,160.87,159.23,24093300.0,157.9,160.0,157.65,16367780.0,156.73,157.28,156.41,160.42,10/18/17
683,41511380.0,116.55,116.79,114.22,33316990.0,117.05,118.11,116.08,34806250.0,118.75,118.81,116.86,115.29,12/04/15
684,36937800.0,295.06,301.0,294.46,33391990.0,289.17,293.69,286.32,60154180.0,286.25,299.0,285.85,300.46,05/06/20
685,40613260.0,166.11,169.0,164.56,60800480.0,163.25,166.15,160.23,39914850.0,156.25,158.13,154.11,166.96,02/01/19
686,41523580.0,182.66,182.8,177.7,45941750.0,176.73,181.29,174.93,41156140.0,171.51,174.77,170.88,180.29,11/30/18
687,26208970.0,156.6,158.57,156.07,39636190.0,159.9,160.0,154.63,26060430.0,159.26,161.27,159.11,159.32,08/14/17
688,33290830.0,228.99,229.67,225.1,27363960.0,228.41,229.18,226.63,43177540.0,226.51,228.87,226.0,226.23,09/06/18
689,15515000.0,189.75,191.87,189.2,15009800.0,191.52,192.65,190.42,12506830.0,191.08,191.84,190.9,191.78,07/18/18
690,22401040.0,172.23,173.92,171.7,28567110.0,173.0,174.0,171.53,28976200.0,169.88,173.09,169.85,173.41,04/12/18
691,34494150.0,113.05,114.12,112.51,46937190.0,115.19,116.18,113.25,79763890.0,115.12,116.13,114.04,113.85,09/21/16
692,33498270.0,145.1,147.2,144.96,20783460.0,144.09,144.3,143.27,14198660.0,143.92,144.16,143.31,147.54,05/02/17
693,51054150.0,252.75,255.87,247.05,63140170.0,246.52,258.68,246.36,75900510.0,250.75,258.25,244.3,250.74,03/30/20
694,31777930.0,213.86,216.78,211.71,27309400.0,214.84,216.44,211.07,19362290.0,214.05,214.42,212.51,218.07,09/11/19
695,17272900.0,235.09,236.15,233.52,19286690.0,233.37,235.24,233.2,23040480.0,236.39,237.65,234.88,234.59,10/18/19
696,52411070.0,114.42,114.79,111.55,31048170.0,114.35,114.94,114.0,35951900.0,113.85,113.99,112.44,111.64,09/26/16
697,37353670.0,176.35,179.39,176.21,33772050.0,173.67,175.65,173.54,30953760.0,171.8,173.95,171.71,179.1,02/27/18
698,26167950.0,189.49,190.06,187.45,27942430.0,187.74,190.37,187.65,23141260.0,186.55,187.4,185.22,189.01,05/14/18
699,23589930.0,173.44,175.37,173.05,22342650.0,172.54,173.47,172.08,29461040.0,172.53,174.55,171.96,174.35,01/08/18
700,37708360.0,98.69,99.12,97.1,31672220.0,98.53,99.35,98.48,26575570.0,98.5,99.99,98.46,97.32,06/14/16
701,29461040.0,172.53,174.55,171.96,25400540.0,170.16,172.3,169.26,25938760.0,170.52,170.59,169.22,172.54,01/04/18
702,31450520.0,144.71,145.13,142.28,22052920.0,144.49,146.11,143.16,24725210.0,145.01,146.16,143.62,144.45,06/30/17
703,36633880.0,297.15,300.58,296.5,33911860.0,296.24,300.6,295.19,25247630.0,289.93,293.68,289.52,293.79,01/06/20
704,40984540.0,168.39,169.92,164.94,41335980.0,170.0,172.68,168.6,36387880.0,175.04,175.09,171.26,168.07,03/26/18
705,14669140.0,192.9,194.96,192.17,18761470.0,191.55,193.59,190.3,21674630.0,194.7,196.79,193.6,196.05,06/18/19
706,25643090.0,221.06,222.85,219.44,18386470.0,219.96,220.82,219.12,21158140.0,217.73,220.13,217.56,222.01,09/19/19
707,36396590.0,166.84,166.92,164.09,65270950.0,170.6,171.22,165.43,34693280.0,174.95,175.39,172.66,165.67,04/24/18
708,29771210.0,188.75,189.76,186.55,49696100.0,191.66,192.88,184.58,43751810.0,191.51,191.98,186.6,188.95,03/28/19
709,12119710.0,284.69,284.89,282.92,24677880.0,280.53,284.25,280.37,69032740.0,282.23,282.65,278.56,284.82,12/26/19
710,19966590.0,186.35,188.5,185.76,15228270.0,188.38,188.88,186.78,18383080.0,188.0,189.27,186.91,188.77,05/24/18
711,42557530.0,185.18,187.67,184.75,56137230.0,178.25,184.25,178.17,33944110.0,175.88,177.5,174.44,184.99,05/08/18
712,28310840.0,109.72,110.54,109.66,27623150.0,109.81,110.35,108.83,58724080.0,106.7,110.23,106.6,110.12,11/21/16
713,31639010.0,105.66,106.57,105.64,24817940.0,105.8,106.5,105.5,24900130.0,106.62,107.44,106.29,106.14,09/01/16
714,53142590.0,112.49,112.78,110.04,61681250.0,110.23,112.34,109.13,76562170.0,110.15,111.88,107.36,108.97,09/04/15
715,45479260.0,120.79,123.49,120.7,32152870.0,119.87,121.36,119.61,49305220.0,120.99,121.22,119.45,123.13,11/04/15
716,21236850.0,108.59,109.32,108.53,25784420.0,108.86,109.1,107.85,25108890.0,108.77,109.69,108.36,108.57,08/24/16
717,47844490.0,93.97,94.08,92.4,68388840.0,93.99,94.72,92.51,82107120.0,97.61,97.88,94.25,94.2,05/03/16
718,19970040.0,143.71,144.12,143.05,19576480.0,143.72,144.27,143.01,21189000.0,144.19,144.5,143.5,143.25,04/04/17
719,33861320.0,351.34,359.46,351.15,66118950.0,354.64,356.56,345.15,24205100.0,351.41,353.45,349.22,364.0,06/23/20
720,20254650.0,317.75,322.35,317.21,38399530.0,319.25,321.15,316.47,33449100.0,316.77,323.44,315.63,320.75,06/02/20
721,22277930.0,203.65,207.23,203.61,20929310.0,205.79,206.5,202.36,18582160.0,204.0,205.88,203.7,208.46,07/23/19
722,30912260.0,106.96,109.43,106.86,26639930.0,107.59,107.69,106.18,13596680.0,109.0,109.0,107.95,108.58,12/30/15
723,28053230.0,184.99,186.22,183.67,42557530.0,185.18,187.67,184.75,56137230.0,178.25,184.25,178.17,186.55,05/09/18
724,40387960.0,92.9,93.66,92.14,45595680.0,93.0,93.05,91.5,75219710.0,92.91,94.66,92.65,93.97,06/29/16
725,30348780.0,263.69,264.01,261.18,26609920.0,265.54,266.08,260.4,19069600.0,267.9,268.0,265.39,262.59,11/22/19
726,57097740.0,111.09,111.09,105.83,59118740.0,109.88,111.32,108.05,24129630.0,110.31,111.72,109.7,107.12,11/11/16
727,30480880.0,311.85,315.5,309.55,40653460.0,316.7,317.57,312.17,30521720.0,311.64,317.07,311.15,313.59,01/16/20
728,16412270.0,171.0,171.85,170.48,21477380.0,170.1,170.78,169.71,33113340.0,170.8,171.47,169.68,170.52,12/29/17
729,16866820.0,204.59,206.11,203.5,16947420.0,204.09,205.87,204.0,17595210.0,202.45,204.0,202.2,204.05,07/17/19
730,36547440.0,203.16,206.44,202.59,47539790.0,201.02,212.14,200.83,22481890.0,199.62,202.05,199.15,203.46,08/15/19
731,23907540.0,156.61,157.75,155.96,42357420.0,156.75,157.08,155.02,16252850.0,160.42,160.71,159.6,156.89,10/23/17
732,49305220.0,120.99,121.22,119.45,51106100.0,118.7,120.69,118.27,85436210.0,116.93,119.3,116.06,119.87,11/02/15
733,28508710.0,113.7,114.34,113.13,21400410.0,113.4,113.66,112.69,29707270.0,113.06,114.31,112.63,114.31,10/07/16
734,127246600.0,110.43,111.9,105.65,68176940.0,114.08,114.35,111.63,48079330.0,116.1,116.52,114.68,94.87,08/24/15
735,37512930.0,117.35,117.98,116.75,63963010.0,117.7,118.69,116.2,36087910.0,115.02,116.75,114.72,116.79,10/13/16
736,27215770.0,163.8,163.89,162.61,29451050.0,160.1,163.12,160.0,25649890.0,160.14,162.0,159.93,163.64,08/31/17
737,28769220.0,115.8,116.33,114.76,30555900.0,116.65,117.2,115.43,14979680.0,116.45,117.11,116.4,115.85,01/04/17
738,62317430.0,200.58,208.38,200.35,67812280.0,199.13,201.76,197.31,37847260.0,190.3,192.14,189.34,207.03,08/03/18
739,32755730.0,268.31,273.7,265.83,40529120.0,268.7,270.07,264.7,42223820.0,262.74,267.37,261.23,280.0,04/14/20
740,52126240.0,157.9,158.26,153.83,20565620.0,159.51,159.77,158.44,28157630.0,160.11,160.5,158.0,155.8,09/21/17
741,18582160.0,204.0,205.88,203.7,14107450.0,204.05,205.09,203.27,16866820.0,204.59,206.11,203.5,205.79,07/19/19
742,26160560.0,109.5,110.36,109.19,34113880.0,110.0,110.03,108.25,26481320.0,109.17,110.09,108.85,109.26,12/07/16
743,27623150.0,109.81,110.35,108.83,58724080.0,106.7,110.23,106.6,32230590.0,106.57,107.68,106.16,109.72,11/18/16
744,28001190.0,285.08,285.83,278.2,29271890.0,281.8,284.54,279.95,31627180.0,277.2,283.01,277.0,284.73,04/29/20
745,38885980.0,97.39,98.99,97.32,25879680.0,97.41,97.67,96.84,24129530.0,97.17,97.7,97.12,98.92,07/15/16
746,32234520.0,166.87,168.44,166.5,45635470.0,165.53,167.37,164.7,50565420.0,170.16,170.16,167.07,167.17,02/01/18
747,46820600.0,117.95,118.36,117.31,23492650.0,117.1,117.74,117.0,22527690.0,116.81,116.91,116.28,114.31,10/26/16
748,29800240.0,111.64,113.39,111.55,52411070.0,114.42,114.79,111.55,31048170.0,114.35,114.94,114.0,113.0,09/27/16
749,27054320.0,111.43,112.47,111.39,11475920.0,111.13,111.87,110.95,27420550.0,111.36,111.51,110.33,110.78,11/29/16
750,41483490.0,240.34,245.15,236.9,44054640.0,246.5,248.72,239.13,49250500.0,255.6,262.49,252.0,242.8,04/03/20
751,27009520.0,200.2,203.53,199.39,33364400.0,195.41,199.56,193.82,35824790.0,196.31,198.07,194.04,201.3,08/09/19
752,26675250.0,106.14,106.8,105.62,31639010.0,105.66,106.57,105.64,24817940.0,105.8,106.5,105.5,107.7,09/02/16
753,38610120.0,114.58,116.25,114.5,52828890.0,115.97,116.5,114.12,99202400.0,112.95,117.44,112.1,116.53,08/10/15
754,26639930.0,107.59,107.69,106.18,13596680.0,109.0,109.0,107.95,32618140.0,107.27,108.85,107.2,106.96,12/29/15
755,81013970.0,247.51,257.61,238.4,80605870.0,241.95,259.08,240.0,92683030.0,264.89,279.92,252.95,239.77,03/18/20
756,29491910.0,163.75,164.25,160.56,16564340.0,164.8,164.94,163.63,26729940.0,163.64,164.52,163.48,162.71,09/06/17
757,39824200.0,173.68,175.15,166.92,36778560.0,168.07,173.1,166.44,40984540.0,168.39,169.92,164.94,167.25,03/28/18
758,43700570.0,141.0,141.0,139.89,19173780.0,140.72,141.02,140.26,25676720.0,139.41,140.75,139.03,140.4,03/20/17
759,36054570.0,172.86,175.08,172.35,31384720.0,167.41,171.66,167.28,32644590.0,166.96,168.98,165.93,174.65,02/06/19
760,21905160.0,162.09,162.24,160.36,21610300.0,162.71,162.99,160.52,29491910.0,163.75,164.25,160.56,160.86,09/08/17
761,44223040.0,90.0,91.67,90.0,76183460.0,92.72,92.78,89.47,28641180.0,93.48,93.57,92.46,92.39,05/16/16
762,20028450.0,324.74,325.98,322.85,23686890.0,324.19,326.22,323.35,28432570.0,321.47,327.22,321.47,315.36,02/18/20
763,18369300.0,243.16,246.73,242.88,17916260.0,244.51,244.8,241.81,19932550.0,242.1,243.24,241.22,247.42,10/28/19
764,31123000.0,175.49,179.12,175.35,23985960.0,170.32,173.07,169.5,24755470.0,173.87,174.44,172.02,180.0,03/12/19
765,30417880.0,94.64,94.64,93.57,42009830.0,94.16,95.21,93.89,46858910.0,94.55,94.7,93.01,94.64,05/20/16
766,26083030.0,119.11,119.62,118.81,27057550.0,118.9,119.3,118.21,27453130.0,118.74,119.93,118.6,118.34,01/17/17
767,38236730.0,104.61,106.31,104.59,40026250.0,103.96,105.18,103.85,25058280.0,101.91,102.91,101.78,105.52,03/17/16
768,28751540.0,219.79,223.36,218.94,32874330.0,218.06,221.26,217.43,32389280.0,217.86,219.74,213.0,215.83,10/23/18
769,19286690.0,233.37,235.24,233.2,23040480.0,236.39,237.65,234.88,24413480.0,234.9,238.13,234.67,235.09,10/17/19
770,49687870.0,98.97,99.06,97.34,70722000.0,98.55,99.11,96.76,80742460.0,98.68,100.13,96.43,100.55,01/12/16
771,31096240.0,179.73,180.27,176.55,67678680.0,178.37,181.47,175.51,41626820.0,190.0,190.7,184.99,174.94,11/23/18
772,43233950.0,117.64,119.75,116.76,46559730.0,115.76,117.49,115.5,27584020.0,114.92,115.05,113.32,119.2,11/20/15
773,29377270.0,258.31,259.53,256.29,23693550.0,267.27,268.25,263.45,11654360.0,266.6,268.0,265.9,261.07,12/04/19
774,23735080.0,258.74,260.35,258.11,18966120.0,256.77,257.49,255.37,19974430.0,257.05,258.19,256.32,258.69,11/08/19
775,37190500.0,95.42,96.04,94.28,40814360.0,96.47,96.71,95.4,64332440.0,94.79,97.34,94.35,95.0,02/03/16
776,31048170.0,114.35,114.94,114.0,35951900.0,113.85,113.99,112.44,34494150.0,113.05,114.12,112.51,114.42,09/23/16
777,30148360.0,104.81,105.84,104.77,33770220.0,106.05,106.07,104.0,38018910.0,104.41,106.15,104.41,105.58,08/04/16
778,21029520.0,262.71,266.44,262.52,16331260.0,262.59,263.18,260.84,30348780.0,263.69,264.01,261.18,266.94,11/26/19
779,17265520.0,203.35,205.08,202.9,11362050.0,203.28,204.44,202.69,16935220.0,201.41,203.13,201.36,200.81,07/08/19
780,36592940.0,291.12,293.97,288.12,23334000.0,284.82,289.98,284.7,12119710.0,284.69,284.89,282.92,289.46,12/30/19
781,35850010.0,113.16,113.8,111.8,29608390.0,113.69,114.64,113.43,24587490.0,113.0,113.18,112.34,112.46,09/30/16
782,38158410.0,130.54,132.09,130.45,26784530.0,129.13,130.5,128.9,24460160.0,128.31,129.19,128.16,131.35,02/08/17
783,40485010.0,310.06,311.77,304.88,36634380.0,320.25,323.33,317.52,26117990.0,317.92,319.56,315.65,312.6,01/28/20
784,35678360.0,113.63,114.72,113.3,50278030.0,113.38,114.18,112.52,46594220.0,113.67,115.37,113.66,113.25,09/24/15
785,17117710.0,143.5,143.95,143.18,17290900.0,142.44,142.68,141.85,23294040.0,141.22,142.92,141.16,143.91,04/25/17
786,34908610.0,200.4,201.68,196.66,26339500.0,201.9,205.34,201.75,38763700.0,205.88,207.42,200.83,197.42,05/10/19
787,65270950.0,170.6,171.22,165.43,34693280.0,174.95,175.39,172.66,20544600.0,177.81,178.82,176.88,166.84,04/23/18
788,41141250.0,180.95,182.39,176.27,40537700.0,184.46,184.94,181.21,39424260.0,180.29,180.33,177.03,171.76,12/06/18
789,26575570.0,98.5,99.99,98.46,20839950.0,99.02,99.56,98.68,22378380.0,99.25,99.87,98.96,98.53,06/10/16
790,31416910.0,106.93,106.93,105.52,30576980.0,106.64,108.09,106.06,32340620.0,107.88,108.0,106.23,105.01,04/22/16
791,26122800.0,324.66,326.2,322.3,21910700.0,320.75,323.44,318.93,20254650.0,317.75,322.35,317.21,324.39,06/04/20
792,44366140.0,149.99,151.83,149.16,46575410.0,152.02,152.27,150.56,37350060.0,155.8,155.8,152.75,151.78,09/26/17
793,35074380.0,97.22,98.09,96.84,37977020.0,95.87,97.19,95.67,31834020.0,94.64,95.43,94.52,98.67,05/25/16
794,56157370.0,111.07,111.99,108.8,53168580.0,111.94,112.8,110.35,64678220.0,112.18,112.68,109.79,112.02,12/17/15
795,27393660.0,175.03,175.39,174.09,29385650.0,174.88,177.2,174.86,40122100.0,173.63,174.17,172.46,174.87,12/20/17
796,62285770.0,100.32,101.19,97.3,49046150.0,100.55,100.69,98.84,49687870.0,98.97,99.06,97.34,97.96,01/14/16
797,21674630.0,194.7,196.79,193.6,18253190.0,193.95,195.97,193.39,26932880.0,194.86,196.0,193.6,191.55,06/14/19
798,18253190.0,193.95,195.97,193.39,26932880.0,194.86,196.0,193.6,26220850.0,191.81,195.37,191.62,194.7,06/13/19
799,23377690.0,187.99,190.26,187.75,27468700.0,187.22,188.23,186.14,18503410.0,187.72,188.0,186.78,191.64,06/04/18
800,29773430.0,184.28,184.99,181.14,30967960.0,175.44,179.83,174.52,40396070.0,175.6,177.92,170.27,183.08,06/06/19
801,27744300.0,107.41,107.95,106.31,25001730.0,107.39,107.88,106.68,23606240.0,108.57,108.75,107.68,106.62,08/29/16
802,64332440.0,94.79,97.34,94.35,55622370.0,93.79,94.52,92.39,133059000.0,96.04,96.63,93.34,96.47,02/01/16
803,29377630.0,160.66,162.2,160.14,22074760.0,159.32,160.21,158.75,26208970.0,156.6,158.57,156.07,161.94,08/16/17
804,45247890.0,276.28,277.25,265.43,32503750.0,277.95,281.68,276.85,53812480.0,284.69,286.95,276.86,273.61,04/22/20
805,34693280.0,174.95,175.39,172.66,20544600.0,177.81,178.82,176.88,26575010.0,176.49,178.94,176.41,170.6,04/20/18
806,60793260.0,96.62,96.65,95.3,31251870.0,96.45,97.75,96.07,29373050.0,97.82,98.41,97.03,96.0,06/20/16
807,19217810.0,153.73,154.35,153.03,19201820.0,153.84,154.17,152.67,19906170.0,154.9,154.9,153.31,154.0,05/26/17
808,44182930.0,147.54,148.09,146.84,33498270.0,145.1,147.2,144.96,20783460.0,144.09,144.3,143.27,145.59,05/03/17
809,25912270.0,156.01,156.65,155.05,32493770.0,154.7,156.42,154.67,27236290.0,152.45,154.07,152.31,155.94,05/16/17
810,37378070.0,172.83,174.12,171.01,33690660.0,172.05,174.26,171.42,40113790.0,172.36,174.82,171.77,171.8,02/22/18
811,22560440.0,224.79,225.84,224.02,29729270.0,223.82,226.44,223.54,23430370.0,221.0,223.75,219.76,227.95,10/01/18
812,13596680.0,109.0,109.0,107.95,32618140.0,107.27,108.85,107.2,32728460.0,107.4,107.72,106.45,107.59,12/28/15
813,32226670.0,224.8,226.42,222.86,44289650.0,218.07,223.71,217.73,31777930.0,213.86,216.78,211.71,220.0,09/13/19
814,49904460.0,108.97,110.45,108.51,53142590.0,112.49,112.78,110.04,61681250.0,110.23,112.34,109.13,111.65,09/08/15
815,25779060.0,153.63,153.94,152.11,38907940.0,153.87,154.88,153.45,48670440.0,149.03,153.7,149.03,152.45,05/11/17
816,21535570.0,193.07,193.94,192.36,26190620.0,191.64,193.42,191.35,23377690.0,187.99,190.26,187.75,193.63,06/06/18
817,29608390.0,113.69,114.64,113.43,24587490.0,113.0,113.18,112.34,29800240.0,111.64,113.39,111.55,113.16,09/29/16
818,29174040.0,143.68,144.49,143.19,33348400.0,140.91,144.04,140.62,23531670.0,139.39,141.22,138.62,144.19,03/30/17
819,21827400.0,157.06,158.92,156.67,20514810.0,156.07,157.4,155.69,26604140.0,157.05,157.21,155.02,158.6,08/08/17
820,59118740.0,109.88,111.32,108.05,24129630.0,110.31,111.72,109.7,32361930.0,110.08,110.51,109.46,111.09,11/10/16
821,21341960.0,119.21,119.23,117.92,42747950.0,117.33,119.35,117.12,32445680.0,119.27,119.73,117.34,118.29,11/27/15
822,23751690.0,173.16,174.3,173.0,21532200.0,174.55,175.06,173.41,20523870.0,174.35,175.61,173.93,174.59,01/11/18
823,40537700.0,184.46,184.94,181.21,39424260.0,180.29,180.33,177.03,41523580.0,182.66,182.8,177.7,180.95,12/04/18
824,65648660.0,98.63,101.46,98.37,52099200.0,97.06,97.88,94.94,72274300.0,95.1,98.19,93.42,101.52,01/25/16
825,16543880.0,185.26,186.41,184.28,13954810.0,187.79,187.95,183.54,17675210.0,183.82,187.3,183.42,185.42,07/06/18
826,25674500.0,147.17,148.28,145.38,35421310.0,145.13,147.16,145.11,19082170.0,145.77,146.7,145.12,145.01,06/27/17
827,34454120.0,316.27,318.74,315.0,27207250.0,313.59,315.7,312.09,30480880.0,311.85,315.5,309.55,317.19,01/21/20
828,23171020.0,227.95,229.42,226.35,22560440.0,224.79,225.84,224.02,29729270.0,223.82,226.44,223.54,227.25,10/02/18
829,49046150.0,100.55,100.69,98.84,49687870.0,98.97,99.06,97.34,70722000.0,98.55,99.11,96.76,100.32,01/13/16
830,36087910.0,115.02,116.75,114.72,24336440.0,114.31,114.56,113.51,28508710.0,113.7,114.34,113.13,117.7,10/11/16
831,38258300.0,98.67,99.74,98.11,35074380.0,97.22,98.09,96.84,37977020.0,95.87,97.19,95.67,99.68,05/26/16
832,19216820.0,208.39,209.48,207.32,20059570.0,206.43,206.98,204.22,21162560.0,210.16,210.45,207.2,212.0,09/05/19
833,14676420.0,141.41,142.04,141.11,16529130.0,141.48,141.88,140.87,17775510.0,141.91,142.38,141.05,141.88,04/19/17
834,33753490.0,165.38,167.53,164.39,43250420.0,165.45,168.35,162.73,40620360.0,169.0,169.08,165.28,166.0,12/19/18
835,24755470.0,173.87,174.44,172.02,20755140.0,174.67,175.49,173.94,19238480.0,175.94,176.0,174.54,170.32,03/08/19
836,17223790.0,154.97,155.49,154.56,21215870.0,154.18,155.44,154.05,20088940.0,153.63,153.86,152.46,155.81,10/09/17
837,23580780.0,323.6,323.9,318.71,27337220.0,314.18,321.55,313.85,29421010.0,322.37,323.4,318.0,321.47,02/12/20
838,46594220.0,113.67,115.37,113.66,73991000.0,112.21,114.3,111.87,63712340.0,115.66,116.49,113.72,113.38,09/22/15
839,17014490.0,188.0,188.91,186.36,19046600.0,186.07,188.46,186.0,23639070.0,186.78,187.07,185.1,187.19,05/18/18
840,53812480.0,284.69,286.95,276.86,39281290.0,287.38,288.2,282.35,32788640.0,282.4,286.33,280.63,277.95,04/20/20
841,35637070.0,154.89,158.85,154.23,34499390.0,158.53,159.36,156.48,41740600.0,157.5,158.52,154.55,143.98,01/03/19
842,26339500.0,201.9,205.34,201.75,38763700.0,205.88,207.42,200.83,32443110.0,204.29,208.84,203.5,200.4,05/09/19
843,29706720.0,323.52,324.76,318.95,34154130.0,315.31,319.64,313.63,43496400.0,304.3,313.49,302.22,322.57,02/06/20
844,32874330.0,218.06,221.26,217.43,32389280.0,217.86,219.74,213.0,22692880.0,222.3,222.64,219.34,219.79,10/22/18
845,31396130.0,115.39,115.86,114.1,66028640.0,114.31,115.7,113.31,46820600.0,117.95,118.36,117.31,113.87,10/28/16
846,115288400.0,121.99,125.5,121.99,73006780.0,132.85,132.92,130.32,55204920.0,130.97,132.97,130.7,126.2,07/23/15
847,28510370.0,367.85,370.47,363.64,27684310.0,365.12,367.36,363.91,35055820.0,360.08,365.98,360.0,370.0,07/06/20
848,33291640.0,205.97,210.06,204.13,31774720.0,201.92,204.72,201.69,66072170.0,204.3,204.39,198.17,209.98,11/08/18
849,54571440.0,148.7,148.83,145.9,57423650.0,144.53,148.55,143.8,91106840.0,143.98,145.72,142.0,149.56,01/08/19
850,48079330.0,116.1,116.52,114.68,34525630.0,116.43,117.44,116.01,40827260.0,116.04,117.65,115.5,114.08,08/20/15
851,27453130.0,118.74,119.93,118.6,24432660.0,118.77,119.38,118.3,33420290.0,117.95,119.43,117.94,118.9,01/12/17
852,72274300.0,95.1,98.19,93.42,52960810.0,98.41,98.65,95.5,79356010.0,96.2,97.71,95.36,97.06,01/21/16
853,27584020.0,114.92,115.05,113.32,37979570.0,111.38,114.24,111.0,45555300.0,115.2,115.57,112.27,115.76,11/18/15
854,21218410.0,177.95,179.23,176.67,28481170.0,176.42,179.35,176.0,27948160.0,178.92,180.59,177.91,176.23,05/31/19
855,20686510.0,117.52,118.02,116.2,18131970.0,116.52,117.8,116.49,14244050.0,115.59,116.52,115.59,116.45,12/29/16
856,36192150.0,93.98,96.38,93.32,31851180.0,96.4,96.5,94.55,34240470.0,96.31,96.9,95.92,96.05,02/25/16
857,26784530.0,129.13,130.5,128.9,24460160.0,128.31,129.19,128.16,33671250.0,127.98,129.39,127.78,130.54,02/07/17
858,33054500.0,133.47,135.09,133.25,22989980.0,133.08,133.82,132.75,20046250.0,132.46,132.94,132.05,135.52,02/15/17
859,96197190.0,108.91,109.52,105.81,44654830.0,112.02,112.25,108.98,56157370.0,111.07,111.99,108.8,107.28,12/21/15
860,50278030.0,113.38,114.18,112.52,46594220.0,113.67,115.37,113.66,73991000.0,112.21,114.3,111.87,113.63,09/23/15
861,21888930.0,156.89,157.69,155.5,23907540.0,156.61,157.75,155.96,42357420.0,156.75,157.08,155.02,156.29,10/24/17
862,32771760.0,110.8,112.34,110.8,27150570.0,109.34,110.5,108.66,29357940.0,108.97,110.61,108.83,111.62,04/14/16
863,70722000.0,98.55,99.11,96.76,80742460.0,98.68,100.13,96.43,68384270.0,100.56,102.37,99.87,98.97,01/11/16
864,23430370.0,221.0,223.75,219.76,22811140.0,219.75,222.82,219.7,27581270.0,216.82,221.26,216.63,223.82,09/27/18
865,20762360.0,137.38,137.48,136.3,20769030.0,136.43,137.12,136.11,24487200.0,136.23,136.75,135.98,135.91,02/24/17
866,23714690.0,180.2,182.14,178.62,36529740.0,179.8,180.54,177.81,29748560.0,184.66,185.71,182.55,178.92,05/28/19
867,29512410.0,177.9,179.39,176.14,25302200.0,176.18,177.36,175.65,18653380.0,174.59,175.49,174.49,176.15,01/17/18
868,35709870.0,248.97,249.75,242.57,24143240.0,247.42,249.25,246.72,18369300.0,243.16,246.73,242.88,244.76,10/30/19
869,47597670.0,166.0,167.45,159.09,33753490.0,165.38,167.53,164.39,43250420.0,165.45,168.35,162.73,160.4,12/20/18
870,20507460.0,258.3,262.47,258.28,17520500.0,258.69,260.44,256.85,23735080.0,258.74,260.35,258.11,261.55,11/12/19
871,61747260.0,110.19,110.19,108.21,46717770.0,111.74,111.77,109.41,48702200.0,110.63,111.74,109.77,110.0,10/09/15
872,33348400.0,140.91,144.04,140.62,23531670.0,139.39,141.22,138.62,22355140.0,141.5,141.74,140.35,143.68,03/29/17
873,24100150.0,116.86,117.38,116.33,19977160.0,117.25,117.76,113.8,24308210.0,118.18,118.21,117.45,116.81,10/21/16
874,21895020.0,154.0,154.24,153.31,19217810.0,153.73,154.35,153.03,19201820.0,153.84,154.17,152.67,153.42,05/30/17
875,44654830.0,112.02,112.25,108.98,56157370.0,111.07,111.99,108.8,53168580.0,111.94,112.8,110.35,108.91,12/18/15
876,24378480.0,182.99,186.53,182.54,31632320.0,183.4,184.92,180.73,27185130.0,186.12,186.15,184.7,185.23,06/27/18
877,56111590.0,112.03,114.53,112.0,53075960.0,112.17,113.31,111.54,83825220.0,112.23,113.24,110.02,110.15,09/01/15
878,16383610.0,153.17,153.33,152.22,24452750.0,153.97,154.17,152.38,20118620.0,153.42,154.43,153.33,153.58,06/02/17
